index_name,date,open,high,low,close,daily_range,daily_return_pct,ma_20,ma_50,volatility_20d,cumulative_return_pct
NIFTY 50,2020-01-01,12202.15,12222.2,12165.3,12182.5,56.900000000001455,,,,,0.0
NIFTY 50,2020-01-02,12198.55,12289.9,12195.25,12282.2,94.64999999999964,0.8183870305766616,,,,0.8183870305766616
NIFTY 50,2020-01-03,12261.1,12265.6,12191.35,12226.65,74.25,-0.45228053606032326,,,,0.36240508926739246
NIFTY 50,2020-01-06,12170.6,12179.1,11974.2,11993.05,204.89999999999964,-1.91058057603678,,,,-1.5550995280114943
NIFTY 50,2020-01-07,12079.1,12152.15,12005.35,12052.95,146.79999999999927,0.4994559348956429,,,,-1.0634106300020485
NIFTY 50,2020-01-08,11939.1,12044.95,11929.6,12025.35,115.35000000000036,-0.2289895834629685,,,,-1.289965113892877
NIFTY 50,2020-01-09,12153.15,12224.05,12132.55,12215.9,91.5,1.5845692640962472,,,,0.2741637594910751
NIFTY 50,2020-01-10,12271.0,12311.2,12213.2,12256.8,98.0,0.3348095514861704,,,,0.6098912374307375
NIFTY 50,2020-01-13,12296.7,12337.75,12285.8,12329.55,51.95000000000073,0.5935480712747188,,,,1.2070593063820967
NIFTY 50,2020-01-14,12333.1,12374.25,12308.7,12362.3,65.54999999999927,0.2656220218904881,,,,1.4758875436076346
NIFTY 50,2020-01-15,12349.4,12355.15,12278.75,12343.3,76.39999999999964,-0.15369308300234863,,,,1.3199261235378623
NIFTY 50,2020-01-16,12347.1,12389.05,12315.8,12355.5,73.25,0.09883904628422702,,,,1.4200697722142497
NIFTY 50,2020-01-17,12328.4,12385.45,12321.4,12352.35,64.05000000000109,-0.02549471895106903,,,,1.394213010465828
NIFTY 50,2020-01-20,12430.5,12430.5,12216.9,12224.55,213.60000000000036,-1.034620942573694,,,,0.34516724810178534
NIFTY 50,2020-01-21,12195.3,12230.05,12162.3,12169.85,67.75,-0.44746023371002863,,,,-0.10383747178329683
NIFTY 50,2020-01-22,12218.35,12225.05,12087.9,12106.9,137.14999999999964,-0.5172619218807184,,,,-0.6205622819618339
NIFTY 50,2020-01-23,12123.75,12189.0,12094.1,12180.35,94.89999999999964,0.6066788360356457,,,,-0.017648265955261255
NIFTY 50,2020-01-24,12174.55,12272.15,12149.65,12248.25,122.5,0.5574552455389181,,,,0.5397085983993355
NIFTY 50,2020-01-27,12197.1,12216.6,12107.0,12119.0,109.60000000000036,-1.0552527912150667,,,,-0.521239482864766
NIFTY 50,2020-01-28,12148.1,12163.55,12024.5,12055.8,139.04999999999927,-0.5214951728690576,12204.155,,,-1.040016416991596
NIFTY 50,2020-01-29,12114.9,12169.6,12103.8,12129.5,65.80000000000109,0.6113240100200867,12201.505000000001,,0.7905881164047729,-0.4350502770367304
NIFTY 50,2020-01-30,12147.75,12150.3,12010.6,12035.8,139.6999999999989,-0.772496805309375,12189.185,,0.781904655696469,-1.2041863328545066
NIFTY 50,2020-01-31,12100.4,12103.55,11945.85,11962.1,157.6999999999989,-0.6123398527725477,12175.9575,,0.7865231794519678,-1.80915247280935
NIFTY 50,2020-02-01,11939.0,12017.35,11633.3,11661.85,384.0500000000011,-2.5100107840596575,12159.397500000001,,0.8662716204924721,-4.273753334701413
NIFTY 50,2020-02-03,11627.45,11749.85,11614.5,11707.9,135.35000000000036,0.394877313633768,12142.145,,0.8625394658419894,-3.8957521034270526
NIFTY 50,2020-02-04,11786.25,11986.15,11783.4,11979.65,202.75,2.321082346108194,12139.859999999999,,1.0225710995603519,-1.6650933716396477
NIFTY 50,2020-02-05,12005.85,12098.15,11953.35,12089.15,144.79999999999927,0.9140500765882242,12133.5225,,0.9773935888830588,-0.766263082290175
NIFTY 50,2020-02-06,12120.0,12160.6,12084.65,12137.95,75.95000000000073,0.4036677516616294,12127.58,,0.9789315783585902,-0.3656884875846478
NIFTY 50,2020-02-07,12151.15,12154.7,12073.95,12098.35,80.75,-0.32624949023517535,12116.02,,0.9689510137858416,-0.6907449209932248
NIFTY 50,2020-02-10,12102.35,12103.55,11990.75,12031.5,112.79999999999927,-0.5525546872094167,12099.48,,0.9704108476519914,-1.2394828647650291
NIFTY 50,2020-02-11,12108.4,12172.3,12099.0,12107.9,73.29999999999927,0.6349997922121098,12087.710000000001,,0.9853522299020936,-0.6123537861686845
NIFTY 50,2020-02-12,12151.0,12231.75,12144.3,12201.2,87.45000000000073,0.770571279908161,12079.995,,1.0034674112597817,0.15349887133182527
NIFTY 50,2020-02-13,12219.55,12225.65,12139.8,12174.65,85.85000000000036,-0.21760154738879045,12071.11,,1.0040588857928425,-0.06443669197619961
NIFTY 50,2020-02-14,12190.15,12246.7,12091.2,12113.45,155.5,-0.5026838553880308,12065.555,,0.983939589405009,-0.5667966345167197
NIFTY 50,2020-02-17,12131.8,12159.6,12037.0,12045.8,122.60000000000036,-0.5584701303097073,12059.3525,,0.9866622809023604,-1.1221013749230568
NIFTY 50,2020-02-18,12028.25,12030.75,11908.05,11992.5,122.70000000000073,-0.4424778761061843,12053.632500000002,,0.9849248307977242,-1.5596142006977232
NIFTY 50,2020-02-19,12090.6,12134.7,12042.1,12125.9,92.60000000000036,1.1123618928496892,12050.91,,1.0086807131401043,-0.4646008618920616
NIFTY 50,2020-02-20,12119.0,12152.0,12071.45,12080.85,80.54999999999927,-0.37151881509825957,12042.54,,1.0021763026184405,-0.834393597373273
NIFTY 50,2020-02-24,12012.55,12012.55,11813.4,11829.4,199.14999999999964,-2.0813932794463974,12028.060000000001,,1.0789227697643977,-2.8984198645598203
NIFTY 50,2020-02-25,11877.5,11883.05,11779.9,11797.9,103.14999999999964,-0.2662856949633974,12015.164999999999,,1.0753693911050926,-3.156987482043916
NIFTY 50,2020-02-26,11738.55,11783.25,11639.6,11678.5,143.64999999999964,-1.0120445163969816,11992.615,,1.0799059666715054,-4.137081879745541
NIFTY 50,2020-02-27,11661.25,11663.85,11536.7,11633.3,127.14999999999964,-0.38703600633643864,11972.49,,1.0722577217726132,-4.508105889595737
NIFTY 50,2020-02-28,11382.0,11384.8,11175.05,11201.75,209.75,-3.709609483121723,11934.4725,,1.332446798151439,-8.050482249127844
NIFTY 50,2020-03-02,11387.35,11433.0,11036.25,11132.75,396.75,-0.6159751824491688,11908.017499999998,,1.232079339996423,-8.61686845885491
NIFTY 50,2020-03-03,11217.55,11342.25,11152.55,11303.3,189.70000000000073,1.5319664952504919,11887.7875,,1.287174151079145,-7.21690950133389
NIFTY 50,2020-03-04,11351.35,11356.6,11082.15,11251.0,274.4500000000007,-0.4626967345819244,11851.355,,1.1467278047416518,-7.646213831315407
NIFTY 50,2020-03-05,11306.05,11389.5,11244.6,11269.0,144.89999999999964,0.15998577904186018,11810.3475,,1.116466870816761,-7.498460907038784
NIFTY 50,2020-03-06,10942.65,11035.1,10827.4,10989.45,207.70000000000073,-2.480699263466135,11752.922499999999,,1.1980291439104227,-9.793145906012713
NIFTY 50,2020-03-09,10742.05,10751.55,10294.45,10451.45,457.09999999999854,-4.895604420603394,11670.5775,,1.5495179248479773,-14.209316642725211
NIFTY 50,2020-03-11,10334.3,10545.1,10334.0,10458.4,211.10000000000036,0.06649795004520787,11591.922499999999,11915.106000000002,1.5591359706451768,-14.152267596962865
NIFTY 50,2020-03-12,10039.95,10040.75,9508.0,9590.15,532.75,-8.301939111145106,11466.035,11863.258999999998,2.2762428086878357,-21.279294069361786
NIFTY 50,2020-03-13,9107.6,10159.4,8555.15,9955.2,1604.25,3.8065098043305046,11353.735,11816.719000000001,2.5001061555095934,-18.282782680073872
NIFTY 50,2020-03-16,9587.8,9602.2,9165.1,9197.4,437.10000000000036,-7.612102217936368,11204.8725,11756.134000000002,2.896535578947449,-24.50318079211985
NIFTY 50,2020-03-17,9285.4,9403.8,8915.6,8967.05,488.1999999999989,-2.5045121447365593,11047.552500000002,11695.614,2.900257606371541,-26.394007798071005
NIFTY 50,2020-03-18,9088.45,9127.55,8407.05,8468.8,720.5,-5.55645390624564,10868.7025,11623.931,3.0316316532519045,-30.483890827005954
NIFTY 50,2020-03-19,8063.3,8575.45,7832.55,8263.45,742.9000000000005,-2.424782731910058,10682.25,11548.693000000001,3.020699866867851,-32.16950543812845
NIFTY 50,2020-03-20,8284.45,8883.0,8178.2,8745.45,704.8000000000002,5.8329148237116435,10513.227499999999,11479.284000000001,3.418493040911911,-28.213010465832134
NIFTY 50,2020-03-23,7945.7,8159.25,7583.6,7610.25,575.6499999999996,-12.980464127060365,10289.697499999998,11386.353000000001,4.248802556122318,-37.53129489021136
NIFTY 50,2020-03-24,7848.3,8036.95,7511.1,7801.05,525.8499999999995,2.507144968956343,10088.28,11295.783000000001,4.377188396648399,-35.96511389287913
NIFTY 50,2020-03-25,7735.15,8376.75,7714.75,8317.85,662.0,6.624749232475113,9914.2775,11214.893999999998,4.771423730485299,-31.722963266981317
NIFTY 50,2020-03-26,8451.0,8749.05,8304.9,8641.45,444.14999999999964,3.890428415996916,9762.425,11140.857,4.927707061011077,-29.066694028319308
NIFTY 50,2020-03-27,8949.1,9038.9,8522.9,8660.25,516.0,0.21755608144464755,9613.772500000001,11066.952,4.935938198975119,-28.91237430740817
NIFTY 50,2020-03-30,8385.95,8576.0,8244.0,8281.1,332.0,-4.378049132530815,9467.740000000002,10985.527,4.955015677872427,-32.02462548737943
NIFTY 50,2020-03-31,8529.35,8678.3,8358.0,8597.75,320.2999999999993,3.8237673738996003,9340.990000000002,10912.991000000002,5.0886377877837585,-29.425405294479788
NIFTY 50,2020-04-01,8584.1,8588.1,8198.35,8253.8,389.75,-4.000465237998318,9188.515,10834.67,5.0851546215380266,-32.24871742253232
NIFTY 50,2020-04-03,8356.55,8356.55,8055.8,8083.8,300.7499999999991,-2.0596573699386833,9030.155,10754.208,5.081646738917678,-33.644161707367125
NIFTY 50,2020-04-07,8446.3,8819.4,8360.95,8792.2,458.4499999999989,8.763205423192066,8906.314999999999,10686.445,5.571283219102404,-27.82926328750256
NIFTY 50,2020-04-08,8688.9,9131.7,8653.9,8748.75,477.8000000000011,-0.4941880302995916,8794.28,10616.455,5.562756562420231,-28.18592242971475
NIFTY 50,2020-04-09,8973.05,9128.35,8904.55,9111.9,223.8000000000011,4.150878696956695,8727.302500000002,10556.313,5.595633715469419,-25.205007182433825
NIFTY 50,2020-04-13,9103.95,9112.05,8912.4,8993.85,199.64999999999964,-1.295558555295817,8654.075,10495.074,5.596261827481877,-26.174020110814688
NIFTY 50,2020-04-15,9196.4,9261.2,8874.1,8925.3,387.10000000000036,-0.7621874947881135,8620.8325,10430.99,5.295986842014022,-26.736712497434855
NIFTY 50,2020-04-16,8851.25,9053.75,8821.9,8992.8,231.85000000000036,0.7562770999294033,8572.7125,10370.13,5.217185964709616,-26.182639031397503
NIFTY 50,2020-04-17,9323.45,9324.0,9091.35,9266.75,232.64999999999964,3.0463259496486206,8576.18,10316.223,4.977913715007357,-23.933921608865173
NIFTY 50,2020-04-20,9390.2,9390.85,9230.8,9261.85,160.0500000000011,-0.0528772223271301,8590.92,10268.223,4.93893553167264,-23.97414323825159
NIFTY 50,2020-04-21,9016.95,9044.4,8909.4,8981.45,135.0,-3.0274729130789213,8616.552500000002,10213.694,4.812384403410907,-26.275805458649693
NIFTY 50,2020-04-22,9026.75,9209.75,8946.25,9187.3,263.5,2.2919461779556505,8662.744999999999,10157.847,4.781789134385467,-24.58608659963062
NIFTY 50,2020-04-23,9232.35,9343.6,9170.15,9313.9,173.45000000000073,1.3779891807168543,8691.1675,10102.342,4.628599671517144,-23.546891032218355
NIFTY 50,2020-04-24,9163.9,9296.9,9141.3,9154.4,155.60000000000036,-1.7124942290554945,8768.375,10042.671,3.4464492260534993,-24.85614611122512
NIFTY 50,2020-04-27,9259.7,9377.1,9250.35,9282.3,126.75,1.3971423577733066,8842.4375,9986.35,3.42951535742809,-23.806279499281757
NIFTY 50,2020-04-28,9389.8,9404.4,9260.0,9380.9,144.39999999999964,1.0622367301207802,8895.59,9933.338,3.1580009789499477,-22.996921814077574
NIFTY 50,2020-04-29,9408.6,9599.85,9392.35,9553.35,207.5,1.8383097570595641,8941.185000000001,9882.247,3.0795292810488304,-21.581366714549553
NIFTY 50,2020-04-30,9753.5,9889.05,9731.5,9859.9,157.54999999999927,3.2088220362490594,9001.1675,9835.421,3.134822146153205,-19.065052329160682
NIFTY 50,2020-05-04,9533.5,9533.5,9266.95,9293.5,266.5499999999993,-5.744480167141653,9051.7875,9777.798,3.2634938302431067,-23.71434434639852
NIFTY 50,2020-05-05,9429.4,9450.9,9190.75,9205.6,260.14999999999964,-0.9458223489535622,9082.18,9719.641,3.1911685082735923,-24.43587112661605
NIFTY 50,2020-05-06,9226.8,9346.9,9116.5,9270.9,230.39999999999964,0.7093508299296003,9133.035,9664.143,3.019282148035804,-23.899856351323624
NIFTY 50,2020-05-07,9234.05,9277.85,9175.9,9199.05,101.95000000000073,-0.7750056628806345,9188.797499999999,9608.274,2.972455552159725,-24.489636774061164
NIFTY 50,2020-05-08,9376.95,9382.65,9238.2,9251.5,144.4499999999989,0.5701675716514254,9211.7625,9550.786,2.286683878728519,-24.05910116971065
NIFTY 50,2020-05-11,9348.15,9439.9,9219.95,9239.2,219.9499999999989,-0.13295141328432125,9236.285,9493.953000000001,2.281668368817275,-24.160065667966336
NIFTY 50,2020-05-12,9168.85,9240.85,9043.95,9196.55,196.89999999999964,-0.4616200536843196,9240.517499999998,9441.296,2.0974052463005837,-24.510158013544025
NIFTY 50,2020-05-13,9584.2,9584.5,9351.1,9383.55,233.39999999999964,2.033371209855872,9260.0025,9393.008999999998,2.115560547615479,-22.97516930022574
NIFTY 50,2020-05-14,9213.95,9281.1,9119.75,9142.75,161.35000000000036,-2.5661929653489235,9270.875,9342.294,2.1971484540553576,-24.951775087215267
NIFTY 50,2020-05-15,9182.4,9182.4,9050.0,9136.85,132.39999999999964,-0.06453200623444122,9278.0775,9292.365,2.192764518741101,-25.00020521239482
NIFTY 50,2020-05-18,9158.3,9158.3,8806.75,8823.25,351.5499999999993,-3.432255098857928,9255.9025,9244.795,2.2134436592169564,-27.574389493125384
NIFTY 50,2020-05-19,8961.7,9030.35,8855.3,8879.1,175.0500000000011,0.6329867112458532,9236.765,9199.722,2.221489165778648,-27.115945003078178
NIFTY 50,2020-05-20,8889.15,9093.8,8875.35,9066.55,218.4499999999989,2.111137390050777,9241.02,9154.987,2.172294573887155,-25.577262466652996
NIFTY 50,2020-05-21,9079.45,9178.55,9056.1,9106.25,122.44999999999891,0.4378732814576791,9236.9675,9112.091999999999,2.1111790925698437,-25.2513851836651
NIFTY 50,2020-05-22,9067.9,9149.6,8968.55,9039.25,181.0500000000011,-0.735758407687026,9223.235,9067.497,2.0901671549227623,-25.801354401805867
NIFTY 50,2020-05-26,9099.75,9161.65,8996.65,9029.05,165.0,-0.11284122023398346,9216.9675,9028.288999999999,2.056701412372636,-25.885081058895963
NIFTY 50,2020-05-27,9082.2,9334.0,9004.25,9314.95,329.75,3.166446082367491,9218.6,9005.559,2.157726372482491,-23.53827211163554
NIFTY 50,2020-05-28,9364.95,9511.25,9336.5,9490.1,174.75,1.8803106833638283,9224.06,8986.193000000001,2.1856981793126,-22.10055407346604
NIFTY 50,2020-05-29,9422.2,9598.85,9376.9,9580.3,221.95000000000073,0.9504641679223491,9225.4075,8985.996,2.1569524392468726,-21.360147752924284
NIFTY 50,2020-06-01,9726.85,9931.6,9706.95,9826.15,224.64999999999964,2.566203563562741,9223.72,8983.415,2.1115163390583356,-19.342089062179358
NIFTY 50,2020-06-02,9880.85,9995.6,9824.05,9979.1,171.5500000000011,1.556560809676233,9258.0,8999.049,1.6448753246608192,-18.086599630617684
NIFTY 50,2020-06-03,10108.3,10176.2,10035.55,10061.55,140.65000000000146,0.826226814041342,9300.797499999999,9020.939,1.6178051046806794,-17.40980915247281
NIFTY 50,2020-06-04,10054.25,10123.85,9944.25,10029.1,179.60000000000036,-0.3225149206633082,9338.7075,9052.145,1.6258011268615287,-17.67617484096039
NIFTY 50,2020-06-05,10093.8,10177.8,10040.75,10142.15,137.04999999999927,1.1272197904099057,9385.8625,9089.719000000001,1.6085999300674845,-16.74820439154525
NIFTY 50,2020-06-08,10326.75,10328.5,10120.25,10167.45,208.25,0.2494540112303767,9431.66,9118.159,1.6094778449797413,-16.540529447978646
NIFTY 50,2020-06-09,10181.15,10291.15,10021.45,10046.65,269.6999999999989,-1.188105178781318,9472.0325,9166.886999999999,1.6476573637726604,-17.532115739790687
NIFTY 50,2020-06-10,10072.6,10148.75,10036.85,10116.15,111.89999999999964,0.6917728795170497,9518.0125,9213.189,1.6348421053849331,-16.96162528216705
NIFTY 50,2020-06-11,10094.1,10112.05,9885.05,9902.0,227.0,-2.1169120663493524,9543.935,9244.872,1.6911140430018972,-18.71947465626924
NIFTY 50,2020-06-12,9544.95,9996.05,9544.35,9972.9,451.6999999999989,0.7160169662694393,9585.4425,9271.501,1.5537599805387399,-18.137492304535197
NIFTY 50,2020-06-15,9919.35,9943.35,9726.35,9813.7,217.0,-1.596326043578089,9619.285,9294.57,1.6167770164937525,-19.444284834804016
NIFTY 50,2020-06-16,10014.8,10046.15,9728.5,9914.0,317.64999999999964,1.0220406166889129,9673.8225,9327.228000000001,1.350201162361205,-18.620972706751495
NIFTY 50,2020-06-17,9876.7,10003.6,9833.8,9881.15,169.8000000000011,-0.33134960661690416,9723.925,9352.896,1.3658304583281493,-18.89062179355634
NIFTY 50,2020-06-18,9863.25,10111.2,9845.05,10091.65,266.15000000000146,2.1303188394063532,9775.179999999998,9389.653,1.3669943800983102,-17.16273342909912
NIFTY 50,2020-06-19,10119.0,10272.4,10072.65,10244.4,199.75,1.5136276030183415,9832.0875,9432.865,1.3835853567060572,-15.908885696696085
NIFTY 50,2020-06-22,10318.75,10393.65,10277.6,10311.2,116.04999999999927,0.6520635664363006,9895.685,9463.245,1.3474148638617547,-15.360558177713923
NIFTY 50,2020-06-23,10347.95,10484.7,10301.75,10471.0,182.95000000000073,1.5497711226627242,9967.7825,9497.69,1.3479255984494916,-14.04884054996922
NIFTY 50,2020-06-24,10529.25,10553.15,10281.95,10305.3,271.1999999999989,-1.5824658580842366,10017.3,9521.557999999999,1.318198530231486,-15.408988302893501
NIFTY 50,2020-06-25,10235.55,10361.8,10194.5,10288.9,167.29999999999927,-0.15914141267114879,10057.240000000002,9547.459,1.285477147694811,-15.543607633901091
NIFTY 50,2020-06-26,10378.9,10409.85,10311.25,10383.0,98.60000000000036,0.9145778460282417,10097.375,9576.613000000001,1.2847118958239934,-14.77118817976606
NIFTY 50,2020-06-29,10311.95,10337.95,10223.6,10312.4,114.35000000000036,-0.6799576230376636,10121.6875,9603.005,1.20037942724171,-15.350707982762158
NIFTY 50,2020-06-30,10382.6,10401.05,10267.35,10302.1,133.6999999999989,-0.09987975640974867,10137.8375,9623.712,1.161916225178856,-15.435255489431555
NIFTY 50,2020-07-01,10323.8,10447.05,10299.6,10430.05,147.4499999999989,1.241979790528136,10156.2625,9647.076,1.1779615670924883,-14.38497845269855
NIFTY 50,2020-07-02,10493.05,10598.2,10485.55,10551.7,112.65000000000146,1.1663414844607756,10182.3925,9678.481,1.1910655987288001,-13.386414939462332
NIFTY 50,2020-07-03,10614.95,10631.3,10562.65,10607.35,68.64999999999964,0.5274031672621415,10205.6525,9706.882,1.1755584489544728,-12.929612148573765
NIFTY 50,2020-07-06,10723.85,10811.4,10695.1,10763.65,116.29999999999927,1.4735065779860168,10235.4625,9735.877,1.2079829181803619,-11.646624256105076
NIFTY 50,2020-07-07,10802.85,10813.8,10689.7,10799.65,124.09999999999854,0.3344590357360122,10273.1125,9768.782,1.1566650987826732,-11.35111840755182
NIFTY 50,2020-07-08,10818.65,10847.85,10676.55,10705.75,171.3000000000011,-0.8694726217979287,10302.5925,9797.251,1.1860032224603656,-12.121896162528213
NIFTY 50,2020-07-09,10755.55,10836.85,10733.0,10813.45,103.85000000000036,1.006001447820104,10348.165,9825.902,1.050193228737202,-11.2378411656064
NIFTY 50,2020-07-10,10764.1,10819.4,10713.0,10768.05,106.39999999999964,-0.41984750472792154,10387.9225,9850.196,1.0654518355029647,-11.610506874615234
NIFTY 50,2020-07-13,10851.85,10894.05,10756.05,10802.7,138.0,0.32178528145765384,10437.372500000001,9869.052,0.9582052048488404,-11.326082495382717
NIFTY 50,2020-07-14,10750.85,10755.65,10562.9,10607.35,192.75,-1.8083442102437397,10472.039999999999,9895.329,1.0765142897379425,-12.929612148573765
NIFTY 50,2020-07-15,10701.0,10827.45,10577.75,10618.2,249.70000000000073,0.10228756475463285,10508.8925,9923.581,1.0665153127774882,-12.84054996921814
NIFTY 50,2020-07-16,10706.2,10755.3,10595.2,10739.95,160.09999999999854,1.1466161873010527,10541.3075,9952.962,1.0015595737110727,-11.841165606402626
NIFTY 50,2020-07-17,10752.0,10933.45,10749.65,10901.7,183.8000000000011,1.5060591529755696,10574.172499999999,9987.015,1.0010847964332543,-10.513441411861269
NIFTY 50,2020-07-20,10999.45,11037.9,10953.0,11022.2,84.89999999999964,1.1053321958960582,10609.7225,10022.429,1.0141345526413508,-9.524317668787186
NIFTY 50,2020-07-21,11126.1,11179.55,11113.25,11162.25,66.29999999999927,1.2706174810836135,10644.285,10060.89,0.9983901144861805,-8.374717832957113
NIFTY 50,2020-07-22,11231.2,11238.1,11056.55,11132.6,181.5500000000011,-0.2656274496629196,10685.65,10099.610999999999,0.9050404831073106,-8.618099733223882
NIFTY 50,2020-07-23,11135.0,11239.8,11103.15,11215.45,136.64999999999964,0.7442106965129369,10731.977499999999,10136.249,0.8986728898581972,-7.938025856761744
NIFTY 50,2020-07-24,11149.95,11225.4,11090.3,11194.15,135.10000000000036,-0.18991658827778313,10772.535,10177.277,0.9016409077550456,-8.112866817155762
NIFTY 50,2020-07-27,11225.0,11225.0,11087.85,11131.8,137.14999999999964,-0.5569873550023918,10813.505000000001,10217.176,0.8944178519237656,-8.624666529858406
NIFTY 50,2020-07-28,11154.1,11317.75,11151.4,11300.55,166.35000000000036,1.5159273432868048,10863.4275,10266.722,0.920729903941102,-7.239482864765034
NIFTY 50,2020-07-29,11276.9,11341.4,11149.75,11202.85,191.64999999999964,-0.8645596895726193,10902.067500000001,10313.197,0.9475816138393702,-8.041452903755387
NIFTY 50,2020-07-30,11254.3,11299.95,11084.95,11102.15,215.0,-0.8988784104045022,10929.59,10353.909,0.967663928188683,-8.868048430125185
NIFTY 50,2020-07-31,11139.5,11150.4,11026.65,11073.45,123.75,-0.2585084870948329,10952.895,10393.253,0.972139067806033,-9.103632259388462
NIFTY 50,2020-08-03,11057.55,11058.05,10882.25,10891.6,175.79999999999927,-1.6422162921221561,10959.2925,10430.3,1.0095740036809777,-10.59634721937205
NIFTY 50,2020-08-04,10946.65,11112.25,10908.1,11095.25,204.14999999999964,1.8697895625986893,10974.0725,10471.624,1.0866554835462745,-8.92468705109789
NIFTY 50,2020-08-05,11155.75,11225.65,11064.05,11101.65,161.60000000000036,0.05768234154255314,10993.8675,10507.358,1.0607599106294903,-8.872152678021761
NIFTY 50,2020-08-06,11185.7,11256.8,11127.3,11200.15,129.5,0.8872554980565939,11013.2025,10541.559,1.0562577046422275,-8.063615842396887
NIFTY 50,2020-08-07,11186.65,11231.9,11142.05,11214.05,89.85000000000036,0.12410548073016336,11035.502499999999,10574.233999999999,1.046930496361919,-7.949517750872159
NIFTY 50,2020-08-10,11270.25,11337.3,11238.0,11270.15,99.29999999999927,0.5002652922004192,11058.875,10603.114,1.0487076416991812,-7.489021136876673
NIFTY 50,2020-08-11,11322.25,11373.6,11299.15,11322.5,74.45000000000073,0.4645013597867065,11094.632500000002,10629.982,0.9345911446553147,-7.059306382105479
NIFTY 50,2020-08-12,11289.0,11322.0,11242.65,11308.4,79.35000000000036,-0.12453080150144347,11129.1425,10654.919,0.9388775993852226,-7.175046172788835
NIFTY 50,2020-08-13,11334.85,11359.3,11269.95,11300.45,89.34999999999854,-0.07030172261326406,11157.1675,10680.346000000001,0.9217332057267328,-7.240303714344343
NIFTY 50,2020-08-14,11353.3,11366.25,11111.45,11178.4,254.79999999999927,-1.080045484914327,11171.0025,10701.071000000002,0.9189308575513742,-8.242150625897803
NIFTY 50,2020-08-17,11248.9,11267.1,11144.5,11247.1,122.60000000000036,0.6145781149359486,11182.2475,10722.664,0.8978090968778243,-7.678226964908674
NIFTY 50,2020-08-18,11259.8,11401.7,11253.15,11385.35,148.5500000000011,1.229205750815776,11193.4025,10749.438,0.8950224959440184,-6.543402421506261
NIFTY 50,2020-08-19,11452.15,11460.35,11394.1,11408.4,66.25,0.2024531525161688,11207.1925,10775.283000000001,0.8909923346902938,-6.354196593474248
NIFTY 50,2020-08-20,11317.45,11361.45,11289.8,11312.2,71.65000000000146,-0.8432383156270706,11212.03,10803.487,0.9036580018556651,-7.143853888774876
NIFTY 50,2020-08-21,11409.65,11418.5,11362.2,11371.6,56.29999999999927,0.5250967981471399,11220.9025,10831.461,0.9079325054469429,-6.656269238662016
NIFTY 50,2020-08-24,11412.0,11497.25,11410.65,11466.45,86.60000000000036,0.8340954658974997,11237.635,10864.516000000001,0.909640229443779,-5.877693412682117
NIFTY 50,2020-08-25,11513.1,11525.9,11423.35,11472.25,102.54999999999927,0.05058235112000986,11246.220000000001,10895.681,0.8511441155838675,-5.830084137081881
NIFTY 50,2020-08-26,11512.85,11561.75,11461.85,11549.6,99.89999999999964,0.6742356556037388,11263.557499999999,10929.05,0.830678112420267,-5.195156987482042
NIFTY 50,2020-08-27,11609.3,11617.35,11540.6,11559.25,76.75,0.08355267714899028,11286.4125,10958.402,0.7932311828519683,-5.115945003078181
NIFTY 50,2020-08-28,11602.95,11686.05,11589.4,11647.6,96.64999999999964,0.7643229448277333,11315.119999999999,10986.465999999999,0.7947504991897287,-4.390724399753743
NIFTY 50,2020-08-31,11777.55,11794.25,11325.85,11387.5,468.39999999999964,-2.2330780589992827,11339.914999999999,11007.992,0.8758709798555903,-6.525754155551001
NIFTY 50,2020-09-01,11464.3,11553.55,11366.9,11470.25,186.64999999999964,0.7266739846322645,11358.664999999999,11027.976999999999,0.7967152177092119,-5.846501128668169
NIFTY 50,2020-09-02,11478.55,11554.75,11430.4,11535.0,124.35000000000036,0.5645038251127943,11380.3325,11052.570999999998,0.801024350691498,-5.315001026061972
NIFTY 50,2020-09-03,11566.2,11584.95,11507.65,11527.45,77.30000000000109,-0.06545296922408905,11396.6975,11077.342000000002,0.7858567656506116,-5.376975169300224
NIFTY 50,2020-09-04,11354.4,11452.05,11303.65,11333.85,148.39999999999964,-1.6794694403359012,11402.687500000002,11096.359000000002,0.8857629400808591,-6.966139954853268
NIFTY 50,2020-09-07,11359.6,11381.15,11251.7,11355.05,129.4499999999989,0.1870502962364906,11406.932499999999,11117.212,0.8802632178731504,-6.7921198440385915
NIFTY 50,2020-09-08,11378.55,11437.25,11290.45,11317.35,146.79999999999927,-0.33201086741140307,11406.675,11137.517000000002,0.8781212791238134,-7.1015801354401775
NIFTY 50,2020-09-09,11218.6,11298.15,11185.15,11278.0,113.0,-0.3476962363097358,11405.155,11154.476,0.88121826842661,-7.424584444900473
NIFTY 50,2020-09-10,11363.3,11464.05,11327.4,11449.25,136.64999999999964,1.5184429863450921,11412.595000000001,11172.427000000001,0.9447879098729735,-6.0188795403242406
NIFTY 50,2020-09-11,11447.8,11493.5,11419.9,11464.45,73.60000000000036,0.1327597877590403,11426.8975,11189.569,0.9052013634823463,-5.894110404268416
NIFTY 50,2020-09-14,11540.15,11568.9,11383.55,11440.05,185.35000000000036,-0.21283184103905173,11436.545000000002,11203.097000000002,0.9008018289290803,-6.09439770162118
NIFTY 50,2020-09-15,11487.2,11535.95,11442.25,11521.8,93.70000000000073,0.714594778868971,11443.3675,11217.54,0.87345207264815,-5.423353170531509
NIFTY 50,2020-09-16,11538.45,11618.1,11516.75,11604.55,101.35000000000036,0.7182037528858265,11453.175,11235.516000000001,0.8853117265296895,-4.744100143648677
NIFTY 50,2020-09-17,11539.4,11587.2,11498.5,11516.1,88.70000000000073,-0.762201033215415,11463.369999999999,11249.569,0.8809953713850014,-5.470141596552425
NIFTY 50,2020-09-18,11584.1,11584.1,11446.1,11504.95,138.0,-0.09682097237779796,11470.0375,11264.306999999999,0.8759047899899735,-5.561666324645998
NIFTY 50,2020-09-21,11503.8,11535.25,11218.5,11250.55,316.75,-2.2112221261283316,11459.242499999998,11273.264,0.9916631153289427,-7.649907654422328
NIFTY 50,2020-09-22,11301.75,11302.2,11084.65,11153.65,217.5500000000011,-0.8612912257622951,11443.3125,11284.19,1.005708329443659,-8.44531089677817
NIFTY 50,2020-09-23,11258.75,11259.55,11024.4,11131.85,235.14999999999964,-0.1954517131163236,11422.425,11294.463,0.987473319587076,-8.624256105068739
NIFTY 50,2020-09-24,11011.0,11015.3,10790.2,10805.55,225.09999999999854,-2.931228861330337,11384.740000000002,11295.775,1.1602203644267008,-11.302688282372264
NIFTY 50,2020-09-25,10910.4,11072.6,10854.85,11050.25,217.75,2.2645769997825305,11354.872500000001,11298.746000000001,1.277295540947996,-9.294069361789447
NIFTY 50,2020-09-28,11140.85,11239.35,11099.85,11227.55,139.5,1.6044885862310787,11346.875,11302.853000000001,1.2525237911986713,-7.838703057664686
NIFTY 50,2020-09-29,11288.6,11305.4,11181.0,11222.4,124.39999999999964,-0.04586931253923732,11334.4825,11304.056,1.238718137372368,-7.880976810999385
NIFTY 50,2020-09-30,11244.45,11295.4,11184.55,11247.55,110.85000000000036,0.2241053607071608,11320.11,11306.355,1.2313975438182068,-7.674533141801776
NIFTY 50,2020-10-01,11364.45,11428.6,11347.05,11416.95,81.55000000000109,1.5061057741463824,11314.585,11310.385,1.2840038000990754,-6.284013954442846
NIFTY 50,2020-10-05,11487.8,11578.05,11452.3,11503.35,125.75,0.7567695400260144,11323.06,11316.569,1.2349360225666655,-5.5747999179150405
NIFTY 50,2020-10-06,11603.45,11680.3,11564.3,11662.4,116.0,1.3826407090108406,11338.4275,11327.181,1.2687866238985972,-4.2692386620151845
NIFTY 50,2020-10-07,11679.25,11763.05,11629.35,11738.85,133.6999999999989,0.6555254493071816,11359.502499999999,11335.947,1.268613153897255,-3.6416991586291747
NIFTY 50,2020-10-08,11835.4,11905.7,11791.15,11834.6,114.55000000000109,0.8156676335416169,11387.3325,11348.582,1.2692993736546565,-2.8557356864354566
NIFTY 50,2020-10-09,11852.05,11938.6,11805.2,11914.2,133.39999999999964,0.672604059283799,11410.579999999998,11364.823,1.2384885324369372,-2.202339421301036
NIFTY 50,2020-10-12,11973.55,12022.05,11867.2,11930.95,154.84999999999854,0.14058854140437393,11433.905,11381.973,1.2384652176357163,-2.0648471167658444
NIFTY 50,2020-10-13,11934.65,11988.2,11888.9,11934.5,99.30000000000109,0.02975454594982274,11458.627499999999,11402.830999999998,1.235321521138431,-2.0357069567001895
NIFTY 50,2020-10-14,11917.4,11997.2,11822.15,11971.05,175.0500000000011,0.30625497507226207,11481.09,11420.347,1.2300639913057734,-1.7356864354607038
NIFTY 50,2020-10-15,12023.45,12025.45,11661.3,11680.35,364.15000000000146,-2.428358414675391,11484.880000000001,11431.921,1.3549975453943859,-4.121896162528216
NIFTY 50,2020-10-16,11727.4,11789.75,11667.85,11762.45,121.89999999999964,0.7028898962788022,11497.1975,11443.167,1.3488595138323922,-3.447978657910933
NIFTY 50,2020-10-19,11879.2,11898.25,11820.4,11873.05,77.85000000000036,0.9402802987472647,11515.602499999999,11456.347,1.360191859691118,-2.5401190231890025
NIFTY 50,2020-10-20,11861.0,11949.25,11837.25,11896.8,112.0,0.20003284749916528,11547.915,11468.88,1.2398949948710611,-2.345167248101787
NIFTY 50,2020-10-21,11958.55,12018.65,11775.75,11937.65,242.89999999999964,0.343369645618985,11587.115000000002,11481.182999999997,1.2100779977506881,-2.009850194951779
NIFTY 50,2020-10-22,11890.0,11939.55,11823.45,11896.45,116.09999999999854,-0.3451265533836123,11625.345000000001,11492.944000000001,1.214067167854583,-2.348040221629377
NIFTY 50,2020-10-23,11957.9,11974.55,11908.75,11930.35,65.79999999999927,0.2849589583447054,11681.585,11505.542,0.9400925416057845,-2.0697722142417385
NIFTY 50,2020-10-26,11937.4,11942.85,11711.7,11767.75,231.14999999999964,-1.362910560042252,11717.46,11517.329,0.9317374997354234,-3.404473630207261
NIFTY 50,2020-10-27,11807.1,11899.05,11723.0,11889.4,176.04999999999927,1.033757515242928,11750.5525,11530.175,0.8984456338001394,-2.405910116971066
NIFTY 50,2020-10-28,11922.6,11929.4,11684.85,11729.6,244.54999999999927,-1.3440543677561423,11775.9125,11537.06,0.9682224840065727,-3.717627744715779
NIFTY 50,2020-10-29,11633.3,11744.15,11606.45,11670.8,137.6999999999989,-0.5012958668667356,11797.075,11542.308,0.9817790773166407,-4.200287297352768
NIFTY 50,2020-10-30,11678.45,11748.95,11535.45,11642.4,213.5,-0.24334235870719922,11808.3475,11548.912,0.9351242774360207,-4.433408577878106
NIFTY 50,2020-11-02,11697.35,11725.65,11557.4,11669.15,168.25,0.2297636226207711,11816.6375,11554.863000000001,0.9230500027471009,-4.213831315411454
NIFTY 50,2020-11-03,11734.45,11836.2,11723.3,11813.5,112.90000000000146,1.237022405230892,11824.192500000001,11561.803999999998,0.9127144526060463,-3.028934947670836
NIFTY 50,2020-11-04,11783.35,11929.65,11756.4,11908.5,173.25,0.8041647267956087,11832.675,11570.528999999999,0.9183349838303981,-2.2491278473219745
NIFTY 50,2020-11-05,12062.4,12131.1,12027.6,12120.3,103.5,1.778561531679057,11846.96,11581.943000000001,0.9821854289127845,-0.5105684383336806
NIFTY 50,2020-11-06,12156.65,12280.4,12131.85,12263.55,148.54999999999927,1.1819014380832105,11864.427500000002,11596.028999999999,1.0035293298723889,0.6652985840344794
NIFTY 50,2020-11-09,12399.4,12474.05,12367.35,12461.05,106.69999999999891,1.6104635280974833,11890.932499999999,11612.298,1.055335374155851,2.28647650318079
NIFTY 50,2020-11-10,12556.4,12643.9,12475.25,12631.1,168.64999999999964,1.3646522564310537,11925.7625,11637.17,1.0842922993574988,3.6823312128052565
NIFTY 50,2020-11-11,12680.6,12769.75,12571.1,12749.15,198.64999999999964,0.9345979368384327,11964.6675,11662.748,1.0938596152638447,4.651344141186131
NIFTY 50,2020-11-12,12702.15,12741.15,12624.85,12690.8,116.29999999999927,-0.45767757066157433,12015.19,11685.864000000001,0.9057411741147537,4.1723784116560525
NIFTY 50,2020-11-13,12659.7,12735.95,12607.7,12719.95,128.25,0.229693951523946,12063.064999999999,11709.714,0.9041305878709146,4.41165606402627
NIFTY 50,2020-11-14,12823.35,12828.7,12749.45,12780.25,79.25,0.47405846721095823,12108.425,11738.642,0.8953246661017787,4.90662836035296
NIFTY 50,2020-11-17,12932.5,12934.05,12797.1,12874.2,136.9499999999989,0.7351186400892162,12157.295,11769.025,0.8978867513190096,5.6778165401190295
NIFTY 50,2020-11-18,12860.1,12948.85,12819.35,12938.25,129.5,0.4975066411893492,12207.325,11801.442999999997,0.8980421488390856,6.203570695670013
NIFTY 50,2020-11-19,12839.5,12963.0,12745.75,12771.7,217.25,-1.2872683709156951,12251.087499999998,11831.317,0.9620087169329762,4.836445721321581
NIFTY 50,2020-11-20,12813.4,12892.45,12730.25,12859.05,162.20000000000073,0.6839340103510061,12297.522500000001,11859.512999999999,0.9645045292962636,5.553457828852859
NIFTY 50,2020-11-23,12960.3,12968.85,12825.7,12926.45,143.14999999999964,0.5241444741252321,12355.4575,11888.753,0.872997182650911,6.106710445310903
NIFTY 50,2020-11-24,13002.6,13079.1,12978.0,13055.15,101.10000000000036,0.9956329850809631,12413.745,11921.055,0.8717519897071963,7.163143853888765
NIFTY 50,2020-11-25,13130.0,13145.85,12833.65,12858.4,312.2000000000007,-1.5070680919024304,12470.185000000001,11947.787,0.8901960459640118,5.548122306587322
NIFTY 50,2020-11-26,12906.45,13018.0,12790.4,12987.0,227.60000000000036,1.000124432277727,12535.994999999999,11975.435999999998,0.8675059791570392,6.603734865585875
NIFTY 50,2020-11-27,13012.05,13035.3,12914.3,12968.95,121.0,-0.1389851389851371,12602.322499999998,12004.493,0.862852160306996,6.455571516519609
NIFTY 50,2020-12-01,13062.2,13128.4,12962.8,13109.05,165.60000000000036,1.0802724970024435,12674.317500000001,12036.575,0.867469368414911,7.605581777139325
NIFTY 50,2020-12-02,13121.4,13128.5,12983.55,13113.75,144.95000000000073,0.035853093855009455,12739.33,12073.839,0.8616616317866289,7.644161707367125
NIFTY 50,2020-12-03,13215.3,13216.6,13107.9,13133.9,108.70000000000073,0.153655514250306,12800.6,12113.444,0.862924695467615,7.809562897599021
NIFTY 50,2020-12-04,13177.4,13280.05,13152.85,13258.55,127.19999999999891,0.949070725374801,12857.5125,12155.978000000001,0.8166520448607145,8.832751898214642
NIFTY 50,2020-12-07,13264.85,13366.65,13241.95,13355.75,124.69999999999891,0.7331118410384363,12912.1225,12206.982,0.8015961419005887,9.63061768930844
NIFTY 50,2020-12-08,13393.85,13435.45,13311.05,13392.95,124.40000000000146,0.2785317185481917,12958.7175,12253.836,0.7522166617403508,9.935973732813475
NIFTY 50,2020-12-09,13458.1,13548.9,13449.6,13529.1,99.29999999999927,1.016579618381308,13003.6175,12299.867,0.7315890962988074,11.05356043505028
NIFTY 50,2020-12-10,13488.5,13503.55,13399.3,13478.3,104.25,-0.37548691339409634,13040.075,12344.985,0.7348088032131957,10.636568848758454
NIFTY 50,2020-12-11,13512.3,13579.35,13402.85,13513.85,176.5,0.26375729876915166,13081.227499999999,12390.310999999998,0.7140509717618513,10.928380874204802
NIFTY 50,2020-12-14,13571.45,13597.5,13472.45,13558.15,125.04999999999927,0.3278118374852479,13123.1375,12433.135,0.7137557541891086,11.292017237841169
NIFTY 50,2020-12-15,13547.2,13589.65,13447.05,13567.85,142.60000000000036,0.07154368405719591,13162.517499999998,12474.425,0.7149169343678985,11.371639647034693
NIFTY 50,2020-12-16,13663.1,13692.35,13606.45,13682.7,85.89999999999964,0.8464863629830788,13202.9425,12514.831,0.7188915368145206,12.314385388877502
NIFTY 50,2020-12-17,13713.55,13773.25,13673.55,13740.7,99.70000000000073,0.4238929451058526,13243.064999999999,12554.868,0.7180552613589726,12.790478144879946
NIFTY 50,2020-12-18,13764.4,13772.85,13658.6,13760.55,114.25,0.14446134476409078,13292.507500000002,12593.387000000002,0.615070368648722,12.953416786373895
NIFTY 50,2020-12-21,13741.9,13777.5,13131.45,13328.4,646.0499999999993,-3.1404994713147394,13315.975,12621.670999999998,0.9926758747322285,9.406115329365882
NIFTY 50,2020-12-22,13373.65,13492.05,13192.9,13466.3,299.14999999999964,1.034632814141223,13342.967500000002,12652.378,1.0083181120685414,10.538066899240706
NIFTY 50,2020-12-23,13473.5,13619.45,13432.2,13601.1,187.25,1.0010173544329204,13370.265,12685.71,1.0085397017605389,11.644572132156794
NIFTY 50,2020-12-24,13672.15,13771.75,13626.9,13749.25,144.85000000000036,1.0892501341803307,13414.8075,12721.274,0.9407144503133832,12.86066078391135
NIFTY 50,2020-12-28,13815.15,13885.3,13811.55,13873.2,73.75,0.9015037183846442,13459.117499999998,12765.131000000001,0.9373230981519419,13.878103837471789
NIFTY 50,2020-12-29,13910.35,13967.6,13859.9,13932.6,107.70000000000073,0.42816365366318276,13507.3,12808.534000000001,0.9307906259602567,14.36568848758466
NIFTY 50,2020-12-30,13980.9,13997.0,13864.95,13981.95,132.04999999999927,0.35420524525213715,13550.945000000002,12850.712,0.9153818162783618,14.770777754976416
NIFTY 50,2020-12-31,13970.0,14024.85,13936.45,13981.75,88.39999999999964,-0.001430415643033367,13594.345000000001,12892.410999999998,0.9160434048983636,14.769136055817778
NIFTY 50,2021-01-01,13996.1,14049.85,13991.35,14018.5,58.5,0.26284263414808606,13638.575,12934.028,0.9152934691703669,15.070798276215891
NIFTY 50,2021-01-04,14104.35,14147.95,13953.75,14132.9,194.20000000000073,0.8160644862146516,13682.292500000001,12978.757,0.9110356104773868,16.00985019495178
NIFTY 50,2021-01-05,14075.15,14215.6,14048.15,14199.5,167.45000000000073,0.47124086351704175,13724.480000000001,13024.14,0.9067152141442081,16.55653601477529
NIFTY 50,2021-01-06,14240.95,14244.15,14039.9,14146.25,204.25,-0.37501320469031096,13762.145,13071.71,0.9196213764695722,16.119433613790267
NIFTY 50,2021-01-07,14253.75,14256.25,14123.1,14137.35,133.14999999999964,-0.06291419987628499,13792.5575,13116.669,0.905565652770541,16.046378001231275
NIFTY 50,2021-01-08,14258.4,14367.3,14221.65,14347.25,145.64999999999964,1.4847195549378078,13836.005000000001,13169.021999999999,0.9357704415442035,17.769341268212592
NIFTY 50,2021-01-11,14474.05,14498.2,14383.1,14484.75,115.10000000000036,0.9583718134137165,13884.55,13225.301,0.9465154373064136,18.898009439770156
NIFTY 50,2021-01-12,14473.8,14590.65,14432.85,14563.45,157.79999999999927,0.5433300540223396,13934.814999999999,13283.722000000002,0.947454105114398,19.54401805869075
NIFTY 50,2021-01-13,14639.8,14653.35,14435.7,14564.85,217.64999999999964,0.009613106784445158,13984.664999999999,13341.636,0.9485559588294817,19.555509952801152
NIFTY 50,2021-01-14,14550.05,14617.8,14471.5,14595.6,146.29999999999927,0.21112472837001572,14030.310000000001,13397.278,0.9420046130176088,19.807921198440393
NIFTY 50,2021-01-15,14594.35,14617.45,14357.85,14433.7,259.60000000000036,-1.1092384006138767,14064.960000000001,13447.782,0.9946748718331926,18.478965729530074
NIFTY 50,2021-01-18,14453.3,14459.15,14222.8,14281.3,236.35000000000036,-1.0558623222042929,14090.997500000001,13491.002,1.0367676808189028,17.227990970654616
NIFTY 50,2021-01-19,14371.65,14546.05,14350.85,14521.15,195.1999999999989,1.6794689559073817,14150.635,13536.154000000002,0.7390378776636883,19.19679868664066
NIFTY 50,2021-01-20,14538.3,14666.45,14517.55,14644.7,148.90000000000146,0.8508279302947841,14209.555000000002,13579.827,0.7322619630421783,20.210958341883867
NIFTY 50,2021-01-21,14730.95,14753.55,14517.25,14590.35,236.29999999999927,-0.3711240243910785,14259.017499999998,13619.011999999999,0.7394863769474381,19.764826595526365
NIFTY 50,2021-01-22,14583.4,14619.9,14357.75,14371.9,262.14999999999964,-1.4972224792414224,14290.15,13651.466999999999,0.8253621971464222,17.971680689513647
NIFTY 50,2021-01-25,14477.8,14491.1,14218.6,14238.9,272.5,-0.9254169594834383,14308.435000000001,13682.428999999998,0.8473460004288755,16.87995074902524
NIFTY 50,2021-01-27,14237.95,14237.95,13929.3,13967.5,308.65000000000146,-1.9060461131126694,14310.179999999998,13707.38,0.9581455028021143,14.65216499076545
NIFTY 50,2021-01-28,13810.4,13898.25,13713.25,13817.55,185.0,-1.0735636298550233,14301.959999999997,13728.126,0.9845158492055578,13.421301046583212
NIFTY 50,2021-01-29,13946.6,13966.85,13596.75,13634.6,370.10000000000036,-1.3240408031814588,14284.602499999999,13743.334,1.0243760653568401,11.919556741227177
NIFTY 50,2021-02-01,13758.6,14336.35,13661.75,14281.2,674.6000000000004,4.742346676836884,14297.7375,13770.193000000001,1.4944789592536314,17.227170121075307
NIFTY 50,2021-02-02,14481.1,14731.7,14469.15,14647.85,262.5500000000011,2.5673612861664363,14323.485,13807.715999999999,1.5868866569186737,20.236815103632267
NIFTY 50,2021-02-03,14754.9,14868.85,14574.15,14789.95,294.7000000000007,0.9701082411411877,14353.007500000002,13846.334,1.5954228754820419,21.4032423558383
NIFTY 50,2021-02-04,14789.05,14913.7,14714.75,14895.65,198.95000000000073,0.7146744918001602,14390.477499999999,13885.718,1.5927874104927349,22.270880361173816
NIFTY 50,2021-02-05,14952.6,15014.65,14864.75,14924.25,149.89999999999964,0.19200236310601415,14429.822499999998,13923.1,1.5909993459486775,22.505643340857784
NIFTY 50,2021-02-08,15064.3,15159.9,15041.05,15115.8,118.85000000000036,1.2834815819890322,14468.25,13968.248,1.5836190563234107,24.077980710034886
NIFTY 50,2021-02-09,15164.15,15257.1,15064.3,15109.3,192.8000000000011,-0.04300136281242262,14499.477499999999,14010.694000000001,1.5766243353075233,24.024625487379424
NIFTY 50,2021-02-10,15119.05,15168.25,14977.2,15106.5,191.04999999999927,-0.01853163283540571,14526.630000000001,14053.445,1.5756204666621898,24.00164169915864
NIFTY 50,2021-02-11,15073.25,15188.5,15065.4,15173.3,123.10000000000036,0.44219375765397473,14557.0525,14094.73,1.5759129155543263,24.549969218140767
NIFTY 50,2021-02-12,15186.2,15243.5,15081.0,15163.3,162.5,-0.06590524144385324,14585.4375,14135.721000000001,1.5771794060314808,24.467884260209317
NIFTY 50,2021-02-15,15270.3,15340.15,15243.4,15314.7,96.75,0.9984633951712452,14629.4875,14179.337,1.5551722349691606,25.710650523291623
NIFTY 50,2021-02-16,15371.45,15431.75,15242.2,15313.45,189.54999999999927,-0.008162092629959705,14681.095000000001,14220.435,1.5241491973838057,25.700389903550192
NIFTY 50,2021-02-17,15279.9,15314.3,15170.75,15208.9,143.54999999999927,-0.6827331528819536,14715.482499999998,14257.498,1.5079918405392236,24.842191668376756
NIFTY 50,2021-02-18,15238.7,15250.75,15078.05,15118.95,172.70000000000073,-0.591430017950012,14739.194999999998,14292.018,1.5118392602775774,24.103837471783308
NIFTY 50,2021-02-19,15074.8,15144.05,14898.2,14981.75,245.84999999999854,-0.907470426187007,14758.765,14321.071000000002,1.5266307973183566,22.977631848963686
NIFTY 50,2021-02-22,14999.05,15010.1,14635.05,14675.7,375.0500000000011,-2.0428187628281025,14773.954999999998,14345.018999999998,1.5619557267767001,20.465421711471386
NIFTY 50,2021-02-23,14782.25,14854.5,14651.85,14707.8,202.64999999999964,0.21872891923382376,14797.4,14368.898000000001,1.542635913394921,20.728914426431345
NIFTY 50,2021-02-24,14729.15,15008.8,14723.05,14982.0,285.75,1.8643168930771559,14848.125,14397.375,1.5050789596827483,22.979683972911968
NIFTY 50,2021-02-25,15079.85,15176.5,15065.35,15097.35,111.14999999999964,0.7699239086904397,14912.115000000002,14427.965,1.4685539093072262,23.92653396265134
NIFTY 50,2021-02-26,14888.6,14919.45,14467.75,14529.15,451.7000000000007,-3.7635744021301765,14956.842499999999,14444.893999999998,1.7061063645705865,19.262466652985832
NIFTY 50,2021-03-01,14702.5,14806.8,14638.55,14761.55,168.25,1.5995429877177836,14980.859999999997,14465.311000000002,1.394855552669579,21.170121075312952
NIFTY 50,2021-03-02,14865.3,14959.1,14760.8,14919.1,198.3000000000011,1.0672998431736636,14994.4225,14488.482,1.296283982574715,22.463369587523086
NIFTY 50,2021-03-03,15064.4,15273.15,14995.8,15245.6,277.35000000000036,2.188469813862759,15017.204999999998,14526.826000000001,1.366082390691776,25.14344346398523
NIFTY 50,2021-03-04,15026.75,15202.35,14980.2,15080.75,222.14999999999964,-1.0812955869234475,15026.460000000001,14559.115,1.3866296682761126,23.790272932485124
NIFTY 50,2021-03-05,14977.95,15092.35,14862.1,14938.1,230.25,-0.9459078626726125,15027.152500000002,14585.855,1.4046306152553387,22.61933100759286
NIFTY 50,2021-03-08,15002.45,15111.15,14919.9,14956.2,191.25,0.12116668117096996,15019.172499999997,14609.994,1.3730353126927537,22.767904781448813
NIFTY 50,2021-03-09,15049.9,15126.85,14925.45,15098.4,201.39999999999964,0.9507762666987496,15018.627499999999,14634.497999999998,1.390939942254719,23.935152883234135
NIFTY 50,2021-03-10,15202.15,15218.45,15100.85,15174.8,117.60000000000036,0.5060138822656768,15022.0425,14659.341999999999,1.3953981436073506,24.56228196183048
NIFTY 50,2021-03-12,15321.15,15336.3,14953.6,15030.95,382.6999999999989,-0.9479531855444479,15014.925,14680.322,1.4084458344623552,23.38148984198647
NIFTY 50,2021-03-15,15048.4,15048.4,14745.85,14929.5,302.5499999999993,-0.674940705677296,15003.235,14699.277,1.4156548809757785,22.548737943771812
NIFTY 50,2021-03-16,14996.1,15051.6,14890.65,14910.45,160.95000000000073,-0.1275997186777844,14983.022500000001,14717.116000000002,1.3932190068731989,22.392366098912376
NIFTY 50,2021-03-17,14946.55,14956.55,14696.05,14721.3,260.5,-1.2685733830971047,14953.414999999999,14728.883999999998,1.4160054824009023,20.83972911963883
NIFTY 50,2021-03-18,14855.5,14875.2,14478.6,14557.85,396.60000000000036,-1.1102959657095401,14920.8625,14736.051000000001,1.4270617227568412,19.49805048224913
NIFTY 50,2021-03-19,14471.15,14788.25,14350.1,14744.0,438.14999999999964,1.2786915650319308,14902.115,14748.006000000001,1.4615220045925497,21.02606197414323
NIFTY 50,2021-03-22,14736.3,14763.9,14597.85,14736.4,166.04999999999927,-0.051546391752577136,14889.8475,14759.987,1.4495869140748006,20.963677406115334
NIFTY 50,2021-03-23,14768.55,14878.6,14707.0,14814.75,171.60000000000036,0.5316766645856452,14896.8,14769.337,1.3779486073175107,21.60681305150831
NIFTY 50,2021-03-24,14712.45,14752.35,14535.0,14549.4,217.35000000000036,-1.791120336151475,14888.880000000001,14770.63,1.4374775412081016,19.428688692797035
NIFTY 50,2021-03-25,14570.9,14575.6,14264.4,14324.9,311.2000000000007,-1.5430189561081553,14856.025,14765.858999999999,1.4008211886382986,17.58588138723578
NIFTY 50,2021-03-26,14506.3,14572.9,14414.25,14507.3,158.64999999999964,1.2733073180266397,14826.522499999997,14764.708,1.4237760117178249,19.083111019905587
NIFTY 50,2021-03-30,14628.5,14876.3,14617.6,14845.1,258.6999999999989,2.3284829017115705,14842.320000000002,14769.698,1.261275775122006,21.855940898830294
NIFTY 50,2021-03-31,14811.85,14813.75,14670.25,14690.7,143.5,-1.0400738290749056,14838.777500000002,14774.838,1.2356183654663495,20.588549148368564
NIFTY 50,2021-04-01,14798.4,14883.2,14692.45,14867.35,190.75,1.2024614211712192,14836.189999999999,14786.559,1.2422119623240182,22.038579930227797
NIFTY 50,2021-04-05,14837.7,14849.85,14459.5,14637.8,390.35000000000036,-1.5439873279367244,14805.8,14788.892,1.172974825376741,20.15431972091113
NIFTY 50,2021-04-06,14737.0,14779.1,14573.9,14683.5,205.20000000000073,0.3122053860552976,14785.9375,14789.668,1.1589667643816008,20.52944797865792
NIFTY 50,2021-04-07,14716.45,14879.8,14649.85,14819.05,229.9499999999989,0.9231450267306762,14779.984999999997,14794.242000000002,1.164800544088631,21.642109583418833
NIFTY 50,2021-04-08,14875.65,14984.15,14821.1,14873.8,163.04999999999927,0.36945688151399647,14775.865000000002,14804.28,1.1678555532646682,22.09152472809357
NIFTY 50,2021-04-09,14882.65,14918.45,14785.65,14834.85,132.8000000000011,-0.2618698651319695,14762.6875,14816.198999999999,1.1460145623144864,21.77180381695054
NIFTY 50,2021-04-12,14644.65,14652.5,14248.7,14310.8,403.7999999999993,-3.5325601539617946,14719.4875,14823.065,1.3707573965553306,17.470141596552423
NIFTY 50,2021-04-13,14364.9,14528.9,14274.9,14504.8,254.0,1.3556195321016373,14693.179999999998,14836.81,1.4082721923135564,19.062589780422723
NIFTY 50,2021-04-15,14522.4,14597.55,14353.2,14581.45,244.34999999999854,0.5284457558877076,14675.7775,14855.747,1.4112012428746374,19.69177098296737
NIFTY 50,2021-04-16,14599.6,14697.7,14559.0,14617.85,138.70000000000073,0.2496322382204763,14661.147500000001,14862.48,1.4134497055679764,19.990560229837897
NIFTY 50,2021-04-19,14306.6,14382.3,14191.4,14359.45,190.89999999999964,-1.7677018166146197,14643.054999999998,14856.712000000001,1.4395294568456891,17.86948491688898
NIFTY 50,2021-04-20,14526.7,14526.95,14207.3,14296.4,319.65000000000146,-0.439083669639162,14629.982500000002,14846.840999999999,1.4228180150104228,17.35193925713112
NIFTY 50,2021-04-22,14219.15,14424.75,14151.4,14406.15,273.35000000000036,0.7676757785176624,14613.090000000002,14837.051,1.401547153392542,18.252821670428897
NIFTY 50,2021-04-23,14326.35,14461.15,14273.3,14341.35,187.85000000000036,-0.449807894545029,14593.3375,14825.392999999998,1.4035539384313411,17.720911143033046
NIFTY 50,2021-04-26,14449.45,14557.5,14421.3,14485.0,136.20000000000073,1.0016490776670217,14576.85,14812.777,1.4189999078330997,18.900061563718438
NIFTY 50,2021-04-27,14493.8,14667.55,14484.85,14653.05,182.6999999999989,1.1601656886434109,14582.032499999998,14803.652,1.3872946701961748,20.279499281756607
NIFTY 50,2021-04-28,14710.5,14890.25,14694.95,14864.55,195.29999999999927,1.4433855067716328,14609.015,14798.813,1.3679919930268956,22.015596142006967
NIFTY 50,2021-04-29,14979.0,15044.35,14814.45,14894.9,229.89999999999964,0.20417705211392967,14628.395,14793.245,1.3442811747654007,22.26472398932895
NIFTY 50,2021-04-30,14747.35,14855.45,14601.7,14631.1,253.75,-1.7710760058812003,14617.694999999998,14782.601,1.3050884490379075,20.099322799097074
NIFTY 50,2021-05-03,14481.05,14673.85,14416.25,14634.15,257.60000000000036,0.02084600611027554,14614.867499999998,14768.99,1.284747082102481,20.124358711266165
NIFTY 50,2021-05-04,14687.25,14723.4,14461.5,14496.5,261.89999999999964,-0.9406080981813059,14596.325,14752.650999999998,1.2674347048339143,18.994459265339625
NIFTY 50,2021-05-05,14604.15,14637.9,14506.6,14617.85,131.29999999999927,0.8370986100093125,14595.3275,14740.83,1.2379773236729732,19.990560229837897
NIFTY 50,2021-05-06,14668.35,14743.9,14611.5,14724.8,132.39999999999964,0.7316397418224874,14597.392499999998,14732.947,1.2470543121908146,20.86845885491484
NIFTY 50,2021-05-07,14816.85,14863.05,14765.5,14823.15,97.54999999999927,0.6679207866999937,14597.5975,14729.775,1.2386195553875157,21.67576441617074
NIFTY 50,2021-05-10,14928.25,14966.9,14892.5,14942.35,74.39999999999964,0.8041475664754216,14601.025,14735.108,1.2490520504013556,22.654217114713738
NIFTY 50,2021-05-11,14789.7,14900.0,14771.4,14850.75,128.60000000000036,-0.6130227173101965,14601.820000000002,14737.966999999999,1.2558275677864184,21.90231890006156
NIFTY 50,2021-05-12,14823.55,14824.05,14649.7,14696.5,174.34999999999854,-1.03866808073666,14621.105,14732.257,0.9784346291561733,20.636158423968798
NIFTY 50,2021-05-14,14749.4,14749.65,14591.9,14677.8,157.75,-0.1272411798727613,14629.755000000001,14723.866000000002,0.9365682636088966,20.482659552636974
NIFTY 50,2021-05-17,14756.25,14938.0,14725.35,14923.15,212.64999999999964,1.671572033956048,14646.84,14731.746000000001,0.9992227247450228,22.496613995485326
NIFTY 50,2021-05-18,15067.2,15137.25,15043.7,15108.1,93.54999999999927,1.2393496011230853,14671.352499999999,14738.677,1.0299816044827823,24.014775292427657
NIFTY 50,2021-05-19,15058.6,15133.4,15008.85,15030.15,124.54999999999927,-0.5159483985411883,14704.8875,14740.898000000001,0.9401447222827732,23.374923045351935
NIFTY 50,2021-05-20,15042.6,15069.8,14884.9,14906.05,184.89999999999964,-0.8256737291377658,14735.369999999999,14734.107,0.9584792110496169,22.356248717422524
NIFTY 50,2021-05-21,14987.8,15190.0,14985.85,15175.3,204.14999999999964,1.8063135438295186,14773.8275,14735.998,1.0164754001832277,24.566386209727064
NIFTY 50,2021-05-24,15211.35,15256.25,15145.45,15197.7,110.79999999999927,0.14760828451498842,14816.644999999999,14741.19,1.0030436887381655,24.75025651549354
NIFTY 50,2021-05-25,15291.75,15293.85,15163.4,15208.45,130.45000000000073,0.07073438744020777,14852.8175,14746.235,0.9900501486849441,24.838497845269856
NIFTY 50,2021-05-26,15257.05,15319.9,15194.95,15301.45,124.94999999999891,0.6115021583396052,14885.2375,14750.296,0.9708791611713141,25.60188795403242
NIFTY 50,2021-05-27,15323.95,15384.55,15272.5,15337.85,112.04999999999927,0.23788595198495077,14908.902500000002,14753.556999999999,0.9274585249705439,25.900677200902944
NIFTY 50,2021-05-28,15421.2,15469.65,15394.75,15435.65,74.89999999999964,0.6376382609035725,14935.939999999999,14761.651000000002,0.9335668685875103,26.703468089472594
NIFTY 50,2021-05-31,15437.75,15606.35,15374.0,15582.8,232.35000000000036,0.953312623699043,14983.525,14774.717000000002,0.8260694218776143,27.91134824543402
NIFTY 50,2021-06-01,15629.65,15660.75,15528.3,15574.85,132.45000000000073,-0.0510177888440988,15030.560000000001,14788.005,0.8275886477267211,27.846090703878513
NIFTY 50,2021-06-02,15520.35,15597.45,15459.85,15576.2,137.60000000000036,0.008667820235830348,15084.545000000002,14805.103000000001,0.7774775876856718,27.857172173199274
NIFTY 50,2021-06-03,15655.55,15705.1,15611.0,15690.35,94.10000000000036,0.7328488334767069,15138.170000000002,14827.752999999999,0.7744732479058416,28.79417196798686
NIFTY 50,2021-06-04,15712.5,15733.6,15622.35,15670.25,111.25,-0.12810421692314167,15185.4425,14846.277999999998,0.7764698575262448,28.62918120254463
NIFTY 50,2021-06-07,15725.1,15773.45,15678.1,15751.65,95.35000000000036,0.5194556564189989,15231.867499999998,14866.583,0.7736175867495882,29.297352760106698
NIFTY 50,2021-06-08,15773.9,15778.8,15680.0,15740.1,98.79999999999927,-0.07332565159839932,15271.755000000001,14885.09,0.7688101732034222,29.202544633695872
NIFTY 50,2021-06-09,15766.3,15800.45,15566.9,15635.35,233.5500000000011,-0.66549767790548,15310.984999999997,14906.809000000001,0.7720406118523453,28.342704699363843
NIFTY 50,2021-06-10,15692.1,15751.25,15648.5,15737.75,102.75,0.6549261769004167,15363.047499999997,14935.066,0.7126292844274433,29.18325466858198
NIFTY 50,2021-06-11,15796.45,15835.55,15749.8,15799.35,85.75,0.39141554542421186,15419.125,14960.907,0.7039139525410925,29.688898009439768
NIFTY 50,2021-06-14,15791.4,15823.05,15606.5,15811.85,216.54999999999927,0.07911717887127967,15463.560000000001,14980.242,0.6358540847136397,29.791504206854103
NIFTY 50,2021-06-15,15866.95,15901.6,15842.4,15869.25,59.20000000000073,0.36301887508418673,15501.617499999998,15003.813,0.5960529003285895,30.262671865380675
NIFTY 50,2021-06-16,15847.5,15880.85,15742.6,15767.55,138.25,-0.640862044520063,15538.4875,15021.817000000003,0.6050627007343353,29.427867843217715
NIFTY 50,2021-06-17,15648.3,15769.35,15616.75,15691.4,152.60000000000036,-0.48295391484409755,15577.755000000001,15042.889,0.5774726539406465,28.802790888569675
NIFTY 50,2021-06-18,15756.5,15761.5,15450.9,15683.35,310.60000000000036,-0.05130198707571365,15603.157499999998,15062.886,0.45097735799783745,28.73671249743486
NIFTY 50,2021-06-21,15525.85,15765.15,15505.65,15746.5,259.5,0.40265632023770426,15630.5975,15081.435,0.45403293599837224,29.255079006772
NIFTY 50,2021-06-22,15840.5,15895.75,15752.1,15772.75,143.64999999999964,0.16670371193598932,15658.8125,15099.414,0.453340602402205,29.47055202134208
NIFTY 50,2021-06-23,15862.8,15862.95,15673.95,15686.95,189.0,-0.5439761614176253,15678.0875,15116.456,0.4692470604348538,28.766263082290177
NIFTY 50,2021-06-24,15737.3,15821.4,15702.7,15790.45,118.69999999999891,0.6597840880476991,15700.717500000002,15146.048999999999,0.48382068354347874,29.615842396880776
NIFTY 50,2021-06-25,15839.35,15870.8,15772.3,15860.35,98.5,0.4426726280758242,15721.9525,15173.16,0.4752958263622852,30.189616252821683
NIFTY 50,2021-06-28,15915.35,15915.65,15792.15,15814.7,123.5,-0.2878246696951803,15733.5475,15197.825,0.4430159568250955,29.814898419864555
NIFTY 50,2021-06-29,15807.5,15835.9,15724.05,15748.45,111.85000000000036,-0.41891404832212764,15742.227499999999,15220.437,0.455964593538454,29.271085573568655
NIFTY 50,2021-06-30,15776.9,15839.1,15708.75,15721.5,130.35000000000036,-0.17112795227467448,15749.492499999998,15247.677999999998,0.4587198370249461,29.049866611943354
NIFTY 50,2021-07-01,15755.05,15755.55,15667.05,15680.0,88.5,-0.2639697229908089,15748.975,15275.35,0.4338052783502512,28.709214036527797
NIFTY 50,2021-07-02,15705.85,15738.35,15635.95,15722.2,102.39999999999964,0.2691326530612326,15751.5725,15301.671,0.43683046397083986,29.05561255899858
NIFTY 50,2021-07-05,15793.4,15845.95,15762.05,15834.35,83.90000000000146,0.7133225630000961,15755.7075,15331.531,0.450493498746455,29.97619536219989
NIFTY 50,2021-07-06,15813.75,15914.2,15801.0,15818.25,113.20000000000073,-0.10167768174885738,15759.615,15358.196000000002,0.4508707638026437,29.84403857993023
NIFTY 50,2021-07-07,15819.6,15893.55,15779.7,15879.65,113.84999999999854,0.388159246440023,15771.830000000002,15382.728000000001,0.426765648386909,30.34804022162938
NIFTY 50,2021-07-08,15855.4,15885.75,15682.9,15727.9,202.85000000000036,-0.9556255962820392,15771.3375,15399.995,0.4626940873384303,29.102400985019482
NIFTY 50,2021-07-09,15688.25,15730.85,15632.75,15689.8,98.10000000000036,-0.24224467347834233,15765.86,15415.893,0.45597514728285127,28.78965729530063
NIFTY 50,2021-07-12,15766.8,15789.2,15644.75,15692.6,144.45000000000073,0.017845989113962624,15759.897500000001,15437.122999999998,0.45538203851200687,28.81264108352144
NIFTY 50,2021-07-13,15794.0,15820.8,15744.6,15812.35,76.19999999999891,0.7630985305175697,15757.0525,15460.687000000002,0.4818882739712085,29.795608454750667
NIFTY 50,2021-07-14,15808.7,15877.35,15764.2,15853.95,113.14999999999964,0.26308549962530403,15761.372500000001,15487.836000000001,0.46227332669467625,30.13708187974555
NIFTY 50,2021-07-15,15872.15,15952.35,15855.0,15924.2,97.35000000000036,0.4431072382592438,15773.0125,15513.962999999998,0.45468107525591905,30.71372870921405
NIFTY 50,2021-07-16,15958.35,15962.25,15882.6,15923.4,79.64999999999964,-0.005023800253711741,15785.015000000003,15537.935,0.4541237998794453,30.707161912579515
NIFTY 50,2021-07-19,15754.5,15836.9,15707.5,15752.4,129.39999999999964,-1.0738912543803436,15785.310000000001,15556.52,0.5144086348128757,29.303509131951564
NIFTY 50,2021-07-20,15703.95,15728.45,15578.55,15632.1,149.90000000000146,-0.763693151519762,15778.277500000002,15570.315,0.5402578089349835,28.316027088036112
NIFTY 50,2021-07-22,15736.6,15834.8,15726.4,15824.05,108.39999999999964,1.2279220322285456,15785.132500000002,15589.781,0.5962316346678093,29.89164785553047
NIFTY 50,2021-07-23,15856.8,15899.8,15768.4,15856.05,131.39999999999964,0.2022238301825352,15788.4125,15612.972,0.5799651624942381,30.15431972091114
NIFTY 50,2021-07-26,15849.3,15893.35,15797.0,15824.45,96.35000000000036,-0.19929301433836422,15786.617500000002,15635.905,0.5732021601429126,29.894931253847744
NIFTY 50,2021-07-27,15860.5,15881.55,15701.0,15746.45,180.54999999999927,-0.4929081263487789,15783.205000000002,15652.371,0.5802294893761359,29.254668581982358
NIFTY 50,2021-07-28,15761.55,15767.5,15513.45,15709.4,254.04999999999927,-0.23529112911164773,15781.252499999999,15664.396999999999,0.5750148550348609,28.9505438128463
NIFTY 50,2021-07-29,15762.7,15817.35,15737.8,15778.45,79.55000000000109,0.4395457496785493,15784.1,15679.362999999998,0.5822240266547689,29.517340447363026
NIFTY 50,2021-07-30,15800.6,15862.8,15744.85,15763.05,117.94999999999891,-0.09760147543010911,15788.252499999999,15696.503,0.5791382727446976,29.390929612148575
NIFTY 50,2021-08-02,15874.9,15892.9,15834.65,15885.15,58.25,0.7745962868860978,15796.4,15710.7,0.6008370585676776,30.39318694849169
NIFTY 50,2021-08-03,15951.55,16146.9,15914.35,16130.75,232.54999999999927,1.54609808531867,15811.220000000001,15729.361,0.6734540735054556,32.40919351528832
NIFTY 50,2021-08-04,16195.25,16290.2,16176.15,16258.8,114.05000000000109,0.7938254575887704,15833.247500000001,15750.367999999999,0.6892782789885076,33.46029140160065
NIFTY 50,2021-08-05,16288.95,16349.45,16210.3,16294.6,139.15000000000146,0.2201884517922581,15853.994999999999,15770.231000000002,0.6871114586870579,33.75415555099528
NIFTY 50,2021-08-06,16304.4,16336.75,16223.3,16238.2,113.45000000000073,-0.34612693775851744,15879.51,15788.238000000001,0.6488158408872448,33.29119638826186
NIFTY 50,2021-08-09,16281.35,16320.75,16179.05,16258.25,141.70000000000073,0.12347427670553746,15907.932499999999,15804.69,0.641947152083504,33.45577672891442
NIFTY 50,2021-08-10,16274.8,16359.25,16202.25,16280.1,157.0,0.13439330801285898,15937.3075,15818.635999999999,0.6409253128486482,33.63513236199467
NIFTY 50,2021-08-11,16327.3,16338.75,16162.55,16282.25,176.20000000000073,0.013206307086566227,15960.802500000002,15832.784,0.6271677215944937,33.652780627949916
NIFTY 50,2021-08-12,16303.65,16375.5,16286.9,16364.4,88.60000000000036,0.5045371493497486,15986.325,15848.548,0.6317985001025131,34.32710855735686
NIFTY 50,2021-08-13,16385.7,16543.6,16376.3,16529.1,167.29999999999927,1.006453032191823,16016.570000000002,15865.323,0.6571132781129548,35.67904781448799
NIFTY 50,2021-08-16,16518.4,16589.4,16480.75,16563.05,108.65000000000146,0.20539533307923907,16048.5525,15883.179000000002,0.655532089163007,35.95772624666529
NIFTY 50,2021-08-17,16545.25,16628.55,16495.4,16614.6,133.14999999999782,0.31123494766964743,16091.6625,15900.438,0.5831275404389056,36.38087420480196
NIFTY 50,2021-08-18,16691.95,16701.85,16535.85,16568.85,166.0,-0.2753602253439791,16138.5,15917.013,0.5467243838817785,36.005335522265526
NIFTY 50,2021-08-20,16382.5,16509.55,16376.05,16450.5,133.5,-0.7142921808091618,16169.822499999998,15933.315999999999,0.5443738475109806,35.033860045146724
NIFTY 50,2021-08-23,16592.25,16592.5,16395.7,16496.45,196.79999999999927,0.2793228169356565,16201.842499999999,15948.49,0.5446952565403742,35.41104042684178
NIFTY 50,2021-08-24,16561.4,16647.1,16495.3,16624.6,151.79999999999927,0.7768338036365341,16241.85,15964.995,0.5507729653657311,36.46295916273341
NIFTY 50,2021-08-25,16654.0,16712.45,16617.5,16634.65,94.95000000000073,0.06045258231779371,16286.259999999998,15981.451000000001,0.5248643286627808,36.54545454545455
NIFTY 50,2021-08-26,16627.95,16683.7,16603.4,16636.9,80.29999999999927,0.013525983414131026,16332.635,15996.803999999998,0.5149616829494509,36.563923660989126
NIFTY 50,2021-08-27,16642.55,16722.05,16565.6,16705.2,156.45000000000073,0.41053321231718787,16378.9725,16015.556999999999,0.5145544572924915,37.12456392366099
NIFTY 50,2021-08-30,16775.85,16951.5,16764.85,16931.05,186.65000000000146,1.3519742355673658,16437.3725,16040.35,0.5577986709713734,38.97845269854299
NIFTY 50,2021-08-31,16947.5,17153.5,16915.85,17132.2,237.65000000000146,1.188053900968944,16499.725,16069.327,0.5811642613161614,40.62959162733431
NIFTY 50,2021-09-01,17185.6,17225.75,17055.05,17076.25,170.70000000000073,-0.32657802267076486,16547.0,16095.921999999999,0.5322299334777549,40.17032628770778
NIFTY 50,2021-09-02,17095.4,17245.5,17059.7,17234.15,185.79999999999927,0.9246760852060776,16595.767499999998,16125.15,0.5395478192292011,41.46644777344552
NIFTY 50,2021-09-03,17262.45,17340.1,17212.2,17323.6,127.89999999999782,0.5190276282845296,16647.217500000002,16157.883,0.5415567297168754,42.20069772214241
NIFTY 50,2021-09-06,17399.35,17429.55,17345.55,17377.8,84.0,0.31286799510494845,16704.197500000002,16189.63,0.5192489254804615,42.64559819413092
NIFTY 50,2021-09-07,17401.55,17436.5,17287.0,17362.1,149.5,-0.09034515301131751,16759.39,16219.665,0.526118808985514,42.516724810178516
NIFTY 50,2021-09-08,17375.75,17383.4,17254.2,17353.5,129.20000000000073,-0.04953317859014428,16813.059999999998,16250.441,0.5313052339688883,42.44613174635747
NIFTY 50,2021-09-09,17312.85,17379.65,17302.7,17369.25,76.95000000000073,0.09075978909154347,16867.409999999996,16282.857000000002,0.5292187512751799,42.57541555509954
NIFTY 50,2021-09-13,17363.55,17378.35,17269.15,17355.3,109.19999999999709,-0.08031434863337017,16916.954999999998,16315.533000000001,0.5349025439085199,42.46090703878514
NIFTY 50,2021-09-14,17420.35,17438.55,17367.05,17380.0,71.5,0.14231963722897145,16959.5,16349.533000000001,0.5087328275984325,42.663656884875856
NIFTY 50,2021-09-15,17387.65,17532.7,17386.9,17519.45,145.79999999999927,0.8023590333716912,17007.32,16385.478,0.5231306272197767,43.80833162323006
NIFTY 50,2021-09-16,17539.2,17644.6,17510.45,17629.5,134.14999999999782,0.6281589890093642,17058.065,16421.381,0.5288198603845826,44.71167658526576
NIFTY 50,2021-09-17,17709.65,17792.95,17537.65,17585.15,255.29999999999927,-0.25156697580758225,17108.879999999997,16456.718999999997,0.5274866666617373,44.34762979683975
NIFTY 50,2021-09-20,17443.85,17622.75,17361.8,17396.9,260.9500000000007,-1.0705055117528173,17156.2,16487.064,0.5679758503083217,42.80238046378002
NIFTY 50,2021-09-21,17450.5,17578.35,17326.1,17562.0,252.25,0.9490196529266637,17209.4775,16523.746,0.5872483726368487,44.157603119228405
NIFTY 50,2021-09-22,17580.9,17610.45,17524.0,17546.65,86.45000000000073,-0.08740462361916945,17255.579999999998,16560.883,0.5832664183126688,44.03160270880362
NIFTY 50,2021-09-23,17670.85,17843.9,17646.55,17822.95,197.35000000000218,1.574659550398505,17314.995000000003,16603.49,0.6489548066072819,46.299610096449825
NIFTY 50,2021-09-24,17897.45,17947.65,17819.4,17853.2,128.25,0.16972498940972525,17375.81,16644.307,0.6456544423263079,46.547917094192506
NIFTY 50,2021-09-27,17932.2,17943.5,17802.9,17855.1,140.59999999999854,0.010642349830836118,17433.305,16684.33,0.6500340690180659,46.56351323619945
NIFTY 50,2021-09-28,17906.45,17912.85,17576.1,17748.6,336.75,-0.5964682359661966,17474.182500000003,16720.818,0.635505376237553,45.689308434229424
NIFTY 50,2021-09-29,17657.95,17781.75,17608.15,17711.3,173.59999999999854,-0.2101574208669965,17503.1375,16756.576,0.6014852263303966,45.38313154114508
NIFTY 50,2021-09-30,17718.9,17742.15,17585.35,17618.15,156.8000000000029,-0.5259354197602484,17530.2325,16793.891,0.6116794657854502,44.61851015801355
NIFTY 50,2021-10-01,17531.9,17557.15,17452.9,17532.05,104.25,-0.4887005729886651,17545.127500000002,16831.89,0.5999873626954153,43.911758670223676
NIFTY 50,2021-10-04,17615.55,17750.9,17581.35,17691.25,169.5500000000029,0.9080512547021025,17563.510000000002,16869.234,0.6206654881889434,45.21855120049252
NIFTY 50,2021-10-05,17661.35,17833.45,17640.9,17822.3,192.54999999999927,0.7407616759697477,17585.735,16908.559,0.6353410286294652,46.29427457418427
NIFTY 50,2021-10-06,17861.5,17884.6,17613.15,17646.0,271.4499999999971,-0.989210146838504,17599.93,16944.99,0.6817195321266777,44.84711676585267
NIFTY 50,2021-10-07,17810.55,17857.55,17763.8,17790.35,93.75,0.818032415278247,17621.7725,16985.868000000002,0.7001723529671176,46.03201313359327
NIFTY 50,2021-10-08,17886.85,17941.85,17840.35,17895.2,101.5,0.5893644588217839,17648.07,17029.584,0.7076614657741269,46.892673917504624
NIFTY 50,2021-10-11,17867.55,18041.95,17839.1,17945.95,202.85000000000218,0.2835956010550422,17677.6025,17072.934,0.7060601238699898,47.30925507900678
NIFTY 50,2021-10-12,17915.8,18008.65,17864.95,17991.95,143.70000000000073,0.25632524330001516,17708.200000000004,17117.512,0.706286441479819,47.68684588549148
NIFTY 50,2021-10-13,18097.85,18197.8,18050.75,18161.75,147.04999999999927,0.9437554017213134,17740.315000000002,17163.043999999998,0.7135612733749437,49.08064847116766
NIFTY 50,2021-10-14,18272.85,18350.75,18248.7,18338.55,102.04999999999927,0.9734744724489541,17775.7675,17207.2,0.7289219393227813,50.53191052739585
NIFTY 50,2021-10-18,18500.1,18543.15,18445.3,18477.05,97.85000000000218,0.7552396454463484,17820.3625,17251.565,0.7308671109971855,51.66878719474654
NIFTY 50,2021-10-19,18602.35,18604.45,18377.7,18418.75,226.75,-0.31552655862272516,17871.454999999998,17294.048,0.6765404171179011,51.19023189000615
NIFTY 50,2021-10-20,18439.9,18458.3,18209.35,18266.6,248.95000000000073,-0.8260604004072025,17906.684999999998,17334.616,0.701237090125685,49.941309255079005
NIFTY 50,2021-10-21,18382.7,18384.2,18048.0,18178.1,336.2000000000007,-0.4844908193095576,17938.2575,17373.013,0.7152603216959132,49.21485737738558
NIFTY 50,2021-10-22,18230.7,18314.25,18034.35,18114.9,279.90000000000146,-0.34767109873967694,17952.855,17409.709000000003,0.6434470846368358,48.69608044325879
NIFTY 50,2021-10-25,18229.5,18241.4,17968.5,18125.4,272.90000000000146,0.057963334050969983,17966.465,17446.572,0.6431416719063124,48.78226964908681
NIFTY 50,2021-10-26,18154.5,18310.45,18099.3,18268.4,211.15000000000146,0.7889481059728309,17987.13,17484.652,0.6621401157212967,49.956084547506684
NIFTY 50,2021-10-27,18295.85,18342.05,18167.9,18210.95,174.14999999999782,-0.31447745834337626,18010.247499999998,17518.289,0.6490303149633462,49.484506464190446
NIFTY 50,2021-10-28,18187.65,18190.7,17799.45,17857.25,391.25,-1.9422380490858537,18017.545,17544.173,0.795855231506975,46.58116150215472
NIFTY 50,2021-10-29,17833.05,17915.85,17613.1,17671.65,302.75,-1.0393537638774042,18020.22,17565.314,0.8230251061566765,45.05766468294685
NIFTY 50,2021-11-01,17783.15,17954.1,17697.1,17929.65,257.0,1.4599655380227672,18040.1,17592.53,0.8736244450024543,47.17545659757852
NIFTY 50,2021-11-02,17970.9,18012.25,17847.6,17888.95,164.65000000000146,-0.22699829611844136,18049.984999999997,17621.299000000003,0.8561436316164801,46.841370818797465
NIFTY 50,2021-11-03,17947.95,17988.75,17757.95,17829.2,230.79999999999927,-0.3340050701690189,18050.329999999998,17647.953999999998,0.8447579739911099,46.350913195156984
NIFTY 50,2021-11-04,17935.05,17947.55,17900.6,17916.8,46.95000000000073,0.4913288313552977,18063.87,17673.798,0.8174474010144707,47.06997742663657
NIFTY 50,2021-11-08,18040.2,18087.8,17836.1,18068.55,251.70000000000073,0.8469704411502077,18077.780000000002,17702.476,0.818848095907716,48.315616663246466
NIFTY 50,2021-11-09,18084.35,18112.6,17983.05,18044.25,129.54999999999927,-0.13448782553109329,18085.232500000002,17730.623,0.811147748961431,48.11615021547302
NIFTY 50,2021-11-10,17973.45,18061.25,17915.0,18017.2,146.25,-0.14990925086938445,18088.795,17756.863,0.810217076946644,47.89411040426843
NIFTY 50,2021-11-11,17967.45,17971.35,17798.2,17873.6,173.14999999999782,-0.7970161845347934,18082.8775,17775.714,0.8282816892053366,46.71537040837266
NIFTY 50,2021-11-12,17977.6,18123.0,17905.9,18102.75,217.09999999999854,1.282058454927948,18079.927499999998,17795.125,0.8523142761163199,48.59634721937205
NIFTY 50,2021-11-15,18140.95,18210.15,18071.3,18109.45,138.85000000000218,0.037010951374805146,18068.4725,17815.789,0.8204049610224851,48.65134414118613
NIFTY 50,2021-11-16,18127.05,18132.65,17958.8,17999.2,173.85000000000218,-0.608798168911806,18044.579999999998,17831.09,0.8056623457992936,47.74635747999181
NIFTY 50,2021-11-17,17939.35,18022.65,17879.25,17898.65,143.40000000000146,-0.5586359393750739,18018.575,17842.591,0.8104627849805545,46.92099322799099
NIFTY 50,2021-11-18,17890.55,17945.6,17688.5,17764.8,257.09999999999854,-0.747821763093881,17993.485,17850.331000000002,0.8071590901995422,45.82228606607839
NIFTY 50,2021-11-22,17796.25,17805.25,17280.45,17416.55,524.7999999999993,-1.9603372962262444,17955.407499999998,17851.42,0.9025175320966448,42.96367740611533
NIFTY 50,2021-11-23,17281.75,17553.7,17216.1,17503.35,337.6000000000022,0.49837654414910393,17924.83,17854.417,0.915453958563856,43.67617484096038
NIFTY 50,2021-11-24,17550.05,17600.6,17354.0,17415.05,246.59999999999854,-0.5044748576701008,17889.3125,17855.333,0.9167988535293095,42.9513646624256
NIFTY 50,2021-11-25,17417.3,17564.35,17351.7,17536.25,212.64999999999782,0.6959497675860904,17852.704999999998,17858.952,0.9117640096240162,43.94623435255489
NIFTY 50,2021-11-26,17338.75,17355.4,16985.7,17026.45,369.7000000000007,-2.907120963718013,17793.480000000003,17851.881,1.0947838087581818,39.76154319720913
NIFTY 50,2021-11-29,17055.8,17160.7,16782.4,17053.95,378.2999999999993,0.16151341001793273,17753.315000000002,17842.571,1.0309262095469214,39.98727683152063
NIFTY 50,2021-11-30,17051.15,17324.65,16931.4,16983.2,393.25,-0.4148599004922593,17718.892499999998,17829.645,1.014279107344016,39.40652575415555
NIFTY 50,2021-12-01,17104.4,17213.05,17064.25,17166.9,148.79999999999927,1.0816571670827724,17680.754999999997,17821.280000000002,0.9849219268276709,40.914426431356475
NIFTY 50,2021-12-02,17183.2,17420.35,17149.3,17401.65,271.0499999999993,1.3674571413592407,17656.390000000003,17821.375,1.0463024874961155,42.841370818797465
NIFTY 50,2021-12-03,17424.9,17489.8,17180.8,17196.7,309.0,-1.1777618789022948,17624.765000000003,17814.069000000003,1.0715499537529476,41.159039605992206
NIFTY 50,2021-12-06,17209.05,17216.75,16891.7,16912.25,325.0499999999993,-1.6540964254769808,17574.5375,17801.381,1.1081039312270222,38.824132977631855
NIFTY 50,2021-12-07,17044.1,17251.65,16987.75,17176.7,263.90000000000146,1.563659477597601,17529.945,17788.456000000002,1.1570494393786555,40.994869690129285
NIFTY 50,2021-12-08,17315.25,17484.6,17308.95,17469.75,175.64999999999782,1.7060902268771105,17501.219999999998,17780.787,1.2368624430517434,43.400369382310686
NIFTY 50,2021-12-09,17524.4,17543.25,17379.6,17516.85,163.65000000000146,0.2696088953762832,17476.202500000003,17774.022,1.2404937366823159,43.786989534167844
NIFTY 50,2021-12-10,17476.05,17534.35,17405.25,17511.3,129.09999999999854,-0.03168377876159312,17458.0875,17769.276,1.2307102670356913,43.74143238251589
NIFTY 50,2021-12-13,17619.1,17639.5,17355.95,17368.25,283.5499999999993,-0.8169010867268511,17421.3625,17762.415,1.1960992181257553,42.56720705930639
NIFTY 50,2021-12-14,17283.2,17376.2,17225.8,17324.9,150.40000000000146,-0.24959336720740133,17382.135,17756.55,1.1948256462228568,42.21136876667353
NIFTY 50,2021-12-15,17323.65,17351.2,17192.2,17221.4,159.0,-0.5974060456337416,17343.245000000003,17750.337000000003,1.19463042380346,41.36178945208291
NIFTY 50,2021-12-16,17373.0,17379.35,17184.95,17248.4,194.39999999999782,0.1567816786091747,17310.732500000002,17741.48,1.194473022125436,41.583418838497856
NIFTY 50,2021-12-17,17276.0,17298.15,16966.45,16985.2,331.7000000000007,-1.5259386377866946,17271.752500000002,17724.738,1.2262575437866197,39.42294274574185
NIFTY 50,2021-12-20,16824.25,16840.1,16410.2,16614.2,429.8999999999978,-2.1842545274709746,17231.635000000002,17704.102,1.2439077392858904,36.377590806484726
NIFTY 50,2021-12-21,16773.15,16936.4,16688.25,16770.85,248.15000000000146,0.9428681489328294,17195.010000000002,17683.712,1.261419140940898,37.663451672480996
NIFTY 50,2021-12-22,16865.55,16971.0,16819.5,16955.45,151.5,1.1007194030117962,17172.030000000002,17664.917,1.2921166391276817,39.17873999589576
NIFTY 50,2021-12-23,17066.8,17118.65,17015.55,17072.6,103.10000000000218,0.6909282855954713,17148.8475,17647.45,1.2919490635720565,40.140365278062774
NIFTY 50,2021-12-24,17149.5,17155.6,16909.6,17003.75,246.0,-0.40327776671390536,17147.7125,17627.686,1.1178429754015025,39.5752103427047
NIFTY 50,2021-12-27,16937.75,17112.05,16833.2,17086.25,278.84999999999854,0.4851870910828504,17149.3275,17606.176,1.122648094185185,40.25241124563923
NIFTY 50,2021-12-28,17177.6,17250.25,17161.15,17233.25,89.09999999999854,0.8603409174043453,17161.83,17584.07,1.1330856762151615,41.45906012723168
NIFTY 50,2021-12-29,17220.1,17285.95,17176.65,17213.6,109.29999999999927,-0.11402376220388533,17164.165,17558.801,1.1086919337049976,41.297763184896354
NIFTY 50,2021-12-30,17201.45,17264.05,17146.35,17203.95,117.70000000000073,-0.0560603243946467,17154.28,17534.505,1.062320562999729,41.21855120049251
NIFTY 50,2021-12-31,17244.5,17400.8,17238.5,17354.05,162.29999999999927,0.8724740539236553,17162.1475,17516.254,1.0467506195897802,42.4506464190437
NIFTY 50,2022-01-03,17387.15,17646.65,17383.3,17625.7,263.3500000000022,1.5653406553513438,17197.82,17505.206000000002,1.0179225254487514,44.6804843012518
NIFTY 50,2022-01-04,17681.4,17827.6,17593.55,17805.25,234.04999999999927,1.018682945925553,17229.2475,17499.013,0.9866419124908966,46.154319720911154
NIFTY 50,2022-01-05,17820.1,17944.7,17748.85,17925.25,195.85000000000218,0.6739585234692091,17252.0225,17495.010000000002,0.9281231476194804,47.13933921608866
NIFTY 50,2022-01-06,17768.5,17797.95,17655.55,17745.9,142.40000000000146,-1.0005439254682558,17263.475,17484.56,0.9611437478888711,45.667145495587945
NIFTY 50,2022-01-07,17797.6,17905.0,17704.55,17812.7,200.45000000000073,0.37642497703693767,17278.545000000002,17476.595,0.9632151186937412,46.215473014570094
NIFTY 50,2022-01-10,17913.3,18017.45,17879.15,18003.3,138.29999999999927,1.0700230734251415,17310.2975,17479.516,0.9621424954270802,47.78001231274369
NIFTY 50,2022-01-11,17997.75,18081.25,17964.4,18055.75,116.84999999999854,0.2913354773847132,17346.840000000004,17487.197999999997,0.9568971402856988,48.21054791709418
NIFTY 50,2022-01-12,18170.4,18227.95,18128.8,18212.35,99.15000000000146,0.8673137366213002,17396.3875,17492.852000000003,0.9477626372083255,49.49599835830083
NIFTY 50,2022-01-13,18257.0,18272.25,18163.8,18257.8,108.45000000000073,0.2495559331991748,17446.8575,17500.229,0.9473320163628248,49.869074492099315
NIFTY 50,2022-01-14,18185.0,18286.95,18119.65,18255.75,167.29999999999927,-0.011228077862612817,17510.385,17508.76,0.8501572169908987,49.852247075723376
NIFTY 50,2022-01-17,18235.65,18321.55,18228.75,18308.1,92.79999999999927,0.2867589663530623,17595.08,17516.586,0.6041850850002146,50.28196183049456
NIFTY 50,2022-01-18,18337.2,18350.95,18085.9,18113.05,265.0499999999993,-1.065375434916782,17662.19,17517.476000000002,0.6860079817808236,48.680894726041444
NIFTY 50,2022-01-19,18129.2,18129.2,17884.9,17938.4,244.29999999999927,-0.9642219283886311,17711.3375,17515.359,0.7272357746055679,47.24728093576853
NIFTY 50,2022-01-20,17921.0,17943.7,17648.45,17757.0,295.25,-1.0112384605093117,17745.557500000003,17510.155,0.7752100852791978,45.75825979889186
NIFTY 50,2022-01-21,17613.7,17707.6,17485.85,17617.15,221.75,-0.7875767303035297,17776.2275,17505.026,0.7954380728700189,44.61030166222042
NIFTY 50,2022-01-24,17575.15,17599.4,16997.85,17149.1,601.5500000000029,-2.6567861430481288,17779.370000000003,17485.953,1.0126715320530022,40.76831520623845
NIFTY 50,2022-01-25,17001.55,17309.15,16836.8,17277.95,472.3500000000022,0.7513513828714125,17781.605,17469.323,1.0082133016845995,41.825979889185305
NIFTY 50,2022-01-27,17062.0,17182.5,16866.75,17110.15,315.75,-0.9711800300382767,17776.432500000003,17451.542,1.0320487917409202,40.44859429509544
NIFTY 50,2022-01-28,17208.3,17373.5,17077.1,17101.95,296.40000000000146,-0.04792476980038929,17771.3325,17435.607999999997,1.0320375289127373,40.38128462959163
NIFTY 50,2022-01-31,17301.05,17410.0,17264.15,17339.85,145.84999999999854,1.3910694394498657,17770.6225,17427.109,1.061848021278335,42.33408577878102
NIFTY 50,2022-02-01,17529.45,17622.4,17244.55,17576.85,377.8500000000022,1.3667938303964622,17768.18,17430.315,1.047284136853376,44.27949928175661
NIFTY 50,2022-02-02,17706.2,17794.6,17674.8,17780.0,119.79999999999927,1.1557816104706076,17766.9175,17435.848,1.054784157297004,45.9470552021342
NIFTY 50,2022-02-03,17767.75,17781.15,17511.15,17560.2,270.0,-1.236220472440941,17748.665,17438.751,1.0766317738880593,44.14282782680075
NIFTY 50,2022-02-04,17590.2,17617.8,17462.55,17516.3,155.25,-0.24999715265202616,17737.184999999998,17438.352000000003,1.0563810098821762,43.78247486148163
NIFTY 50,2022-02-07,17456.3,17536.75,17119.4,17213.6,417.34999999999854,-1.7281046796412514,17707.23,17442.095,1.113895740155943,41.297763184896354
NIFTY 50,2022-02-08,17279.85,17306.45,17043.65,17266.75,262.7999999999993,0.3087674861737222,17670.4025,17446.351000000002,1.082023413455511,41.73404473630207
NIFTY 50,2022-02-09,17370.1,17477.15,17339.0,17463.8,138.15000000000146,1.1412107084425305,17640.805,17455.963,1.1185336934551333,43.35152883234146
NIFTY 50,2022-02-10,17554.1,17639.45,17427.15,17605.85,212.29999999999927,0.8133968552090476,17610.48,17464.742,1.1159880389035683,44.51754565975783
NIFTY 50,2022-02-11,17451.0,17454.75,17303.0,17374.75,151.75,-1.3126318808804993,17566.3275,17464.204,1.1399856646164637,42.620562281961824
NIFTY 50,2022-02-14,17076.15,17099.5,16809.65,16842.8,289.84999999999854,-3.0616267859969293,17495.68,17457.126,1.3003527658178347,38.25405294479787
NIFTY 50,2022-02-15,16933.25,17375.0,16839.25,17352.45,535.75,3.0259220557152133,17447.8975,17465.93,1.5041013614890597,42.43751282577468
NIFTY 50,2022-02-16,17408.45,17490.6,17257.7,17322.2,232.89999999999782,-0.1743269682379145,17408.355,17468.84,1.492042705842678,42.18920582803203
NIFTY 50,2022-02-17,17396.55,17442.9,17235.85,17304.6,207.0500000000029,-0.10160372239093052,17376.665,17465.537,1.4815964349749027,42.044736302072636
NIFTY 50,2022-02-18,17236.05,17380.8,17219.2,17276.3,161.59999999999854,-0.1635403303167915,17352.63,17460.726000000002,1.4683070083905219,41.81243587112662
NIFTY 50,2022-02-21,17192.25,17351.05,17070.7,17206.65,280.34999999999854,-0.40315345299628547,17332.105,17454.633,1.461703897033639,41.24071413913401
NIFTY 50,2022-02-22,16847.95,17148.55,16843.8,17092.2,304.75,-0.6651498112648313,17329.260000000002,17449.112,1.3418237459363669,40.301251795608465
NIFTY 50,2022-02-23,17194.5,17220.7,17027.85,17063.25,192.85000000000218,-0.1693755046161427,17318.525,17443.879,1.3301416930592325,40.063615842396885
NIFTY 50,2022-02-24,16548.9,16705.25,16203.25,16247.95,502.0,-4.7781049917219764,17275.415,17424.41,1.6915712963308838,33.37122922224503
NIFTY 50,2022-02-25,16515.65,16748.8,16478.3,16658.4,270.5,2.5261648392566505,17253.2375,17412.61,1.8016541581542445,36.740406320541766
NIFTY 50,2022-02-28,16481.6,16815.9,16356.3,16793.9,459.6000000000022,0.8134034481102725,17225.94,17408.784,1.7807353370588805,37.852657500513054
NIFTY 50,2022-03-02,16593.1,16678.5,16478.65,16605.95,199.84999999999854,-1.1191563603451304,17177.394999999997,17408.619000000002,1.7562774877976073,36.30987071619127
NIFTY 50,2022-03-03,16723.2,16768.95,16442.95,16498.05,326.0,-0.6497671015509576,17113.2975,17403.163,1.7253219548169076,35.4241740201108
NIFTY 50,2022-03-04,16339.45,16456.0,16133.8,16245.35,322.2000000000007,-1.5316961701534404,17047.555,17388.961,1.7344679346543146,33.349887133182854
NIFTY 50,2022-03-07,15867.95,15944.6,15711.45,15863.15,233.14999999999964,-2.3526732264925077,16964.8975,17364.772,1.789413937837277,30.21260004104247
NIFTY 50,2022-03-08,15747.75,16028.75,15671.45,16013.45,357.2999999999993,0.9474789055137212,16904.89,17344.966,1.7911365413350553,31.44633695875232
NIFTY 50,2022-03-09,16078.0,16418.05,15990.0,16345.35,428.0499999999993,2.072632693142329,16858.82,17330.148,1.8668626480241493,34.170736712497444
NIFTY 50,2022-03-10,16757.1,16757.3,16447.9,16594.9,309.3999999999978,1.5267339029142901,16815.375,17317.381,1.883972970842254,36.21916683767701
NIFTY 50,2022-03-11,16528.8,16694.4,16470.9,16630.45,223.5,0.21422244183453287,16766.605000000003,17305.718,1.8710962671128262,36.510978863123334
NIFTY 50,2022-03-14,16633.7,16887.95,16606.5,16871.3,281.4500000000007,1.4482470408196946,16741.432500000003,17299.065,1.8916869833522951,38.48799507490253
NIFTY 50,2022-03-15,16900.65,16927.75,16555.0,16663.0,372.75,-1.2346410768583338,16732.442499999997,17285.244000000002,1.7836858588019122,36.778165401190236
NIFTY 50,2022-03-16,16876.65,16987.9,16837.85,16975.35,150.0500000000029,1.8745123927264018,16713.5875,17272.237,1.6960015271461173,39.342089062179355
NIFTY 50,2022-03-17,17202.9,17344.6,17175.75,17287.05,168.84999999999854,1.836191890005212,16711.83,17261.873,1.7498433297731295,41.90067720090293
NIFTY 50,2022-03-21,17329.5,17353.35,17096.4,17117.6,256.9499999999971,-0.9802135124269418,16702.48,17245.72,1.7636229249946103,40.509747588754344
NIFTY 50,2022-03-22,17120.4,17334.4,17006.3,17315.5,328.1000000000022,1.156120016824791,16704.44,17237.112,1.7833103076947276,42.13420890621793
NIFTY 50,2022-03-23,17405.05,17442.4,17199.6,17245.65,242.8000000000029,-0.40339580144955756,16706.390000000003,17225.770999999997,1.7833133822602387,41.560845475066714
NIFTY 50,2022-03-24,17094.95,17291.75,17091.15,17222.75,200.59999999999854,-0.1327871086332033,16712.917500000003,17210.16,1.7764048039378924,41.372870921403646
NIFTY 50,2022-03-25,17289.0,17294.9,17076.55,17153.0,218.35000000000218,-0.4049875890900112,16717.405000000002,17192.105,1.7787382347425769,40.800328339831715
NIFTY 50,2022-03-28,17181.85,17235.1,17003.9,17222.0,231.1999999999971,0.4022619949862971,16766.107500000002,17172.298,1.3702654353938917,41.3667145495588
NIFTY 50,2022-03-29,17297.2,17343.65,17235.7,17325.3,107.95000000000073,0.5998141911508492,16799.4525,17153.648,1.2695860043664795,42.21465216499076
NIFTY 50,2022-03-30,17468.15,17522.5,17387.2,17498.25,135.29999999999927,0.9982511125348426,16834.670000000002,17138.498,1.2749166149928464,43.634311512415344
NIFTY 50,2022-03-31,17519.2,17559.8,17435.2,17464.75,124.59999999999854,-0.1914477162001882,16877.61,17121.631,1.2402902284234607,43.359326903344964
NIFTY 50,2022-04-01,17436.9,17703.7,17422.7,17670.45,281.0,1.1778009991554539,16936.230000000003,17112.779,1.2370742067636384,45.04781448799508
NIFTY 50,2022-04-04,17809.1,18114.65,17791.4,18053.4,323.25,2.1671774063478866,17026.6325,17115.078999999998,1.2171077529973067,48.19125795198032
NIFTY 50,2022-04-05,18080.6,18095.45,17921.55,17957.4,173.90000000000146,-0.5317557911529103,17131.345,17119.087,1.0456758137350108,47.4032423558383
NIFTY 50,2022-04-06,17842.75,17901.0,17779.85,17807.65,121.15000000000146,-0.8339180504972843,17221.055,17122.897,1.0918024964598796,46.17402011081471
NIFTY 50,2022-04-07,17723.3,17787.5,17623.7,17639.55,163.79999999999927,-0.9439763247817812,17285.765,17132.706,1.0769114744463264,44.79417196798685
NIFTY 50,2022-04-08,17698.15,17842.75,17600.55,17784.35,242.20000000000073,0.8208826188876639,17345.2375,17142.834000000003,1.0488006885250438,45.98276215883439
NIFTY 50,2022-04-11,17740.9,17779.05,17650.95,17674.95,128.09999999999854,-0.6151475876261858,17397.4625,17154.13,1.0706991759125677,45.08475271906425
NIFTY 50,2022-04-12,17584.85,17595.3,17442.35,17530.3,152.95000000000073,-0.8183898681467405,17430.4125,17162.697,1.0638646161666896,43.89739380258566
NIFTY 50,2022-04-13,17599.9,17663.65,17457.4,17475.65,206.25,-0.31174594844354253,17471.045000000002,17165.412999999997,1.0174988147492139,43.44879950749026
NIFTY 50,2022-04-18,17183.45,17237.75,17067.85,17173.65,169.90000000000146,-1.7281188396425895,17480.96,17157.349,1.032299236050326,40.9698337779602
NIFTY 50,2022-04-19,17258.95,17275.65,16824.7,16958.65,450.9500000000007,-1.251917909122402,17464.54,17140.922,0.9829059745817569,39.205007182433825
NIFTY 50,2022-04-20,17045.25,17186.9,16978.95,17136.55,207.95000000000073,1.0490221804211775,17465.4875,17132.449,0.9910163249893891,40.665298584034474
NIFTY 50,2022-04-21,17234.6,17414.7,17215.5,17392.6,199.20000000000073,1.4941747317867238,17469.342500000002,17129.975,1.014201702245648,42.76708393186948
NIFTY 50,2022-04-22,17242.75,17315.3,17149.2,17171.95,166.09999999999854,-1.2686429860975235,17465.657499999998,17129.142,1.0513067004526533,40.955879335111845
NIFTY 50,2022-04-25,17009.05,17054.3,16888.7,16953.95,165.59999999999854,-1.2695121986728397,17452.2175,17122.886000000002,1.0880287334558807,39.16642725220605
NIFTY 50,2022-04-26,17121.3,17223.85,17064.45,17200.8,159.39999999999782,1.456002878385254,17454.6075,17117.626,1.136634608062843,41.19269443874409
NIFTY 50,2022-04-27,17073.35,17110.7,16958.45,17038.4,152.25,-0.9441421329240418,17445.427499999998,17106.277,1.1525655991407204,39.85963472193721
NIFTY 50,2022-04-28,17189.5,17322.5,17071.05,17245.05,251.45000000000073,1.2128486242839465,17441.415,17103.683,1.1785393230356231,41.555920377590795
NIFTY 50,2022-04-29,17329.25,17377.65,17053.25,17102.55,324.40000000000146,-0.8263240756043011,17421.629999999997,17108.878,1.16640065162965,40.3862097270675
NIFTY 50,2022-05-02,16924.45,17092.25,16917.25,17069.1,175.0,-0.19558486892305993,17401.8475,17103.211,1.1664166232708777,40.111635542786786
NIFTY 50,2022-05-04,17096.6,17132.85,16623.95,16677.6,508.8999999999978,-2.293618292704358,17352.204999999998,17090.319000000003,1.2219633184378274,36.89800943977015
NIFTY 50,2022-05-05,16854.75,16945.7,16651.85,16682.65,293.8500000000022,0.03028013623065373,17283.667500000003,17077.88,1.0819813193490337,36.93946234352556
NIFTY 50,2022-05-06,16415.55,16484.2,16340.9,16411.25,143.3000000000011,-1.6268398605737144,17206.36,17060.578999999998,1.1167630963376451,34.71167658526575
NIFTY 50,2022-05-09,16227.7,16403.7,16142.1,16301.85,261.60000000000036,-0.6666158884911288,17131.07,17042.483,1.1143065388762738,33.813667145495586
NIFTY 50,2022-05-10,16248.9,16404.55,16197.3,16240.05,207.25,-0.37909807782553484,17061.094999999998,17025.44,1.1078634518801698,33.30638210547916
NIFTY 50,2022-05-11,16270.05,16318.75,15992.6,16167.1,326.14999999999964,-0.4491981243900045,16980.232500000002,17007.517,1.0695363235082658,32.707572337369186
NIFTY 50,2022-05-12,16021.1,16041.95,15735.75,15808.0,306.2000000000007,-2.2211775766835085,16886.885000000002,16998.717999999997,1.1390306825382304,29.75990149805048
NIFTY 50,2022-05-13,15977.0,16083.6,15740.85,15782.15,342.75,-0.16352479757085758,16799.4775,16981.193,1.1403341529336528,29.547711881797657
NIFTY 50,2022-05-16,15845.1,15977.95,15739.65,15842.3,238.3000000000011,0.3811267793044637,16717.81,16962.161,1.1573183159840124,30.04145290375537
NIFTY 50,2022-05-17,15912.6,16284.25,15900.8,16259.3,383.4500000000007,2.632193557753615,16672.092500000002,16955.228,1.3109297000337297,33.46439564949721
NIFTY 50,2022-05-18,16318.15,16399.8,16211.2,16240.3,188.59999999999854,-0.11685619922137125,16636.175,16950.073,1.2903647067576705,33.30843422942744
NIFTY 50,2022-05-19,15917.4,15984.75,15775.2,15809.4,209.54999999999927,-2.6532761094314794,16569.817499999997,16941.354000000003,1.363966143248908,29.77139339216088
NIFTY 50,2022-05-20,16043.8,16283.05,16003.85,16266.15,279.1999999999989,2.889103950814076,16513.495,16949.414,1.4949430817902603,33.520623845680284
NIFTY 50,2022-05-23,16290.95,16414.7,16185.75,16214.7,228.95000000000073,-0.316301030053201,16465.6325,16953.439,1.4783333834104118,33.09829673712292
NIFTY 50,2022-05-24,16225.55,16262.8,16078.6,16125.15,184.1999999999989,-0.5522766378656452,16424.192499999997,16949.035,1.4615690923581361,32.36322593884671
NIFTY 50,2022-05-25,16196.35,16223.35,16006.95,16025.8,216.39999999999964,-0.6161182996747394,16365.442500000001,16937.653,1.4074459087940558,31.547711881797657
NIFTY 50,2022-05-26,16105.0,16204.45,15903.7,16170.15,300.75,0.900735064708158,16322.029999999999,16928.447,1.426356106403656,32.73260824953827
NIFTY 50,2022-05-27,16296.6,16370.6,16221.95,16352.45,148.64999999999964,1.1273859549849607,16277.4,16918.07,1.421859106100851,34.229017032628775
NIFTY 50,2022-05-30,16527.9,16695.5,16506.15,16661.4,189.34999999999854,1.8893193374693196,16255.342500000002,16918.037999999997,1.4924244156215971,36.76503180792121
NIFTY 50,2022-05-31,16578.45,16690.75,16521.9,16584.55,168.84999999999854,-0.4612457536581682,16231.115,16910.221999999998,1.4943134286646012,36.13420890621792
NIFTY 50,2022-06-01,16594.4,16649.2,16438.85,16522.75,210.35000000000218,-0.37263597746094446,16223.372500000001,16894.936,1.4073543325355302,35.62692386620152
NIFTY 50,2022-06-02,16481.65,16646.4,16443.05,16628.0,203.35000000000218,0.6370004993115463,16220.64,16885.144,1.4154026254713985,36.49086804843014
NIFTY 50,2022-06-03,16761.65,16793.85,16567.9,16584.3,225.9499999999971,-0.26280971854703017,16229.2925,16870.52,1.3652110648966604,36.13215678226964
NIFTY 50,2022-06-06,16530.7,16610.95,16444.55,16569.55,166.40000000000146,-0.088939539202737,16242.6775,16856.998,1.3550735890870989,36.01108146932075
NIFTY 50,2022-06-07,16469.6,16487.25,16347.1,16416.35,140.14999999999964,-0.9245875717807661,16251.492500000002,16840.87,1.3704188192812468,34.75353991381078
NIFTY 50,2022-06-08,16474.95,16514.3,16293.35,16356.25,220.9499999999989,-0.36609843235554385,16260.95,16824.935,1.3689096243974073,34.26020931664273
NIFTY 50,2022-06-09,16263.85,16492.8,16243.85,16478.1,248.9499999999989,0.7449751623996859,16294.454999999998,16810.057,1.264662351944995,35.26041452903754
NIFTY 50,2022-06-10,16283.95,16324.7,16172.6,16201.8,152.10000000000036,-1.6767709869463077,16315.4375,16787.587,1.3319979492858158,32.99240714139133
NIFTY 50,2022-06-13,15877.55,15886.15,15684.0,15774.4,202.14999999999964,-2.6379784962164643,16312.0425,16753.11,1.4673927895301375,29.484096039400786
NIFTY 50,2022-06-14,15674.25,15858.0,15659.45,15732.1,198.54999999999927,-0.2681559995942773,16285.682499999999,16718.457,1.3292091690533954,29.13687666735072
NIFTY 50,2022-06-15,15729.25,15783.65,15678.9,15692.15,104.75,-0.2539393977917803,16258.275,16678.891,1.329348628927905,28.80894726041452
NIFTY 50,2022-06-16,15832.25,15863.15,15335.1,15360.6,528.0499999999993,-2.112839859420146,16235.834999999997,16625.035,1.28066853112334,26.08742048019701
NIFTY 50,2022-06-17,15272.65,15400.4,15183.4,15293.5,217.0,-0.43683189458745275,16187.2025,16571.756999999998,1.064932787586218,25.536630412476914
NIFTY 50,2022-06-20,15334.5,15382.5,15191.1,15350.15,191.39999999999964,0.3704188053748281,16143.975,16522.607,1.0754797093333306,26.00164169915862
NIFTY 50,2022-06-21,15455.95,15707.25,15419.85,15638.8,287.39999999999964,1.8804376504464093,16119.657499999998,16482.592,1.1746417314158044,28.37102400985019
NIFTY 50,2022-06-22,15545.65,15565.4,15385.95,15413.3,179.4499999999989,-1.4419264905235707,16089.032499999998,16435.171,1.206113381353834,26.52000820849578
NIFTY 50,2022-06-23,15451.55,15628.45,15367.5,15556.65,260.9500000000007,0.9300409386698627,16058.357500000002,16392.805,1.2075223151080954,27.69669608044325
NIFTY 50,2022-06-24,15657.4,15749.25,15619.45,15699.25,129.79999999999927,0.916649792853863,16025.6975,16356.184,1.1963236866598186,28.867227580545872
NIFTY 50,2022-06-27,15926.2,15927.45,15815.5,15832.05,111.95000000000073,0.845900281860601,15984.23,16323.312000000002,1.1209375607412255,29.95731582187564
NIFTY 50,2022-06-28,15757.45,15892.1,15710.15,15850.2,181.95000000000073,0.11464087089165798,15947.5125,16296.843,1.1225929865911066,30.10630002052124
NIFTY 50,2022-06-29,15701.7,15861.6,15687.8,15799.1,173.8000000000011,-0.322393408285071,15911.329999999998,16273.652,1.1222900236263265,29.686845885491486
NIFTY 50,2022-06-30,15774.5,15890.0,15728.85,15780.25,161.14999999999964,-0.1193105936414085,15868.9425,16246.525999999998,1.1045787520290533,29.532115739790687
NIFTY 50,2022-07-01,15703.7,15793.95,15511.05,15752.05,282.90000000000146,-0.17870439314966458,15827.329999999998,16213.715,1.1047094538428073,29.300636158423956
NIFTY 50,2022-07-04,15710.5,15852.35,15661.8,15835.35,190.5500000000011,0.528820058341628,15790.62,16186.983,1.1180430596907487,29.984403857993037
NIFTY 50,2022-07-05,15909.15,16025.75,15785.45,15810.85,240.29999999999927,-0.15471713602793757,15760.344999999998,16164.121,1.1057066761691718,29.78329571106095
NIFTY 50,2022-07-06,15818.2,16011.35,15800.9,15989.8,210.45000000000073,1.1318177074603808,15742.022499999997,16139.901000000002,1.1426852702333752,31.252206033244413
NIFTY 50,2022-07-07,16113.75,16150.5,16045.95,16132.9,104.54999999999927,0.8949455277739604,15724.7625,16121.791000000001,1.1490446724934298,32.426841781243574
NIFTY 50,2022-07-08,16273.65,16275.5,16157.9,16220.6,117.60000000000036,0.5436096424077608,15725.7025,16101.302,1.0946051535728747,33.146726862302486
NIFTY 50,2022-07-11,16136.15,16248.55,16115.5,16216.0,133.04999999999927,-0.028359000283595392,15747.782499999998,16083.571000000002,0.900475574398139,33.108967781654016
NIFTY 50,2022-07-12,16126.2,16158.75,16031.15,16058.3,127.60000000000036,-0.9724962999506759,15764.092500000002,16063.355,0.9306292579493215,31.81448799507489
NIFTY 50,2022-07-13,16128.2,16140.0,15950.15,15966.65,189.85000000000036,-0.5707328920246835,15777.8175,16049.135999999999,0.9397434696365561,31.06217935563307
NIFTY 50,2022-07-14,16018.85,16070.85,15858.2,15938.65,212.64999999999964,-0.17536552752143164,15806.720000000001,16034.256000000001,0.7882621728108169,30.832341473424997
NIFTY 50,2022-07-15,16010.8,16066.95,15927.3,16049.2,139.65000000000146,0.6935970110392153,15844.505000000001,16027.015,0.7816147185004099,31.739790683357285
NIFTY 50,2022-07-18,16151.4,16287.95,16142.2,16278.5,145.75,1.4287316501756964,15890.9225,16026.547999999999,0.8252077419373915,33.621998768725625
NIFTY 50,2022-07-19,16187.05,16359.5,16187.05,16340.55,172.45000000000073,0.38117762693121726,15926.01,16028.558,0.7372276661750389,34.131335932690334
NIFTY 50,2022-07-20,16562.8,16588.0,16490.95,16520.85,97.04999999999927,1.1033900327712232,15981.3875,16035.633,0.6492645646813292,35.61132772419453
NIFTY 50,2022-07-21,16523.55,16626.95,16483.9,16605.25,143.04999999999927,0.5108695981139055,16033.8175,16051.578000000001,0.6361737686990521,36.304124769136045
NIFTY 50,2022-07-22,16661.25,16752.25,16610.9,16719.45,141.34999999999854,0.6877343008988124,16084.8275,16070.323999999999,0.627030621375605,37.24153498871332
NIFTY 50,2022-07-25,16662.55,16706.05,16564.25,16631.0,141.79999999999927,-0.5290245791578108,16124.775,16086.097999999998,0.6412206928221752,36.51549353580956
NIFTY 50,2022-07-26,16632.9,16636.1,16463.3,16483.85,172.79999999999927,-0.8847934580001326,16156.457499999999,16090.589000000002,0.6893334319457691,35.307613379848135
NIFTY 50,2022-07-27,16475.35,16653.45,16438.75,16641.8,214.70000000000073,0.9582106122052902,16198.592499999999,16098.618999999999,0.6978319118921766,36.60414529037552
NIFTY 50,2022-07-28,16774.85,16947.65,16746.25,16929.6,201.40000000000146,1.7293802353110843,16256.060000000001,16121.022999999997,0.763909767205655,38.96655037964292
NIFTY 50,2022-07-29,17079.5,17172.8,17018.15,17158.25,154.64999999999782,1.3505930441357172,16326.37,16138.864999999998,0.7839617371168929,40.84342294274575
NIFTY 50,2022-08-01,17243.2,17356.25,17154.8,17340.05,201.45000000000073,1.0595486136406596,16401.605,16161.372,0.7963189306019898,42.335727477939656
NIFTY 50,2022-08-02,17310.15,17390.15,17215.85,17345.45,174.3000000000029,0.031141778714594004,16478.335,16185.777999999998,0.7898516324228398,42.38005335522266
NIFTY 50,2022-08-03,17349.25,17407.5,17225.85,17388.15,181.65000000000146,0.24617406870390823,16548.252500000002,16213.025,0.7753220654155091,42.73055612559
NIFTY 50,2022-08-04,17463.1,17490.7,17161.25,17382.0,329.4500000000007,-0.035368915036970705,16610.7075,16237.261999999999,0.7734169520443616,42.68007387646213
NIFTY 50,2022-08-05,17423.65,17474.4,17348.75,17397.5,125.65000000000146,0.08917270739845495,16669.5525,16258.162999999999,0.7749199434512178,42.807305561255895
NIFTY 50,2022-08-08,17401.5,17548.8,17359.75,17525.1,189.04999999999927,0.7334387124586783,16735.0075,16275.437,0.7738749058396142,43.85470962446129
NIFTY 50,2022-08-10,17566.1,17566.1,17442.8,17534.75,123.29999999999927,0.055063879806693805,16808.829999999998,16294.440999999999,0.7100082183952857,43.93392160886518
NIFTY 50,2022-08-11,17711.65,17719.3,17631.95,17659.0,87.34999999999854,0.7085929368824795,16893.447500000002,16317.166,0.6703807757946145,44.95382721116354
NIFTY 50,2022-08-12,17659.65,17724.65,17597.85,17698.15,126.80000000000291,0.22169998301151406,16981.422499999997,16338.569,0.6548040178232652,45.27518982146523
NIFTY 50,2022-08-16,17797.2,17839.1,17764.05,17825.25,75.04999999999927,0.7181541573554107,17070.225,16363.387999999999,0.6551558502504068,46.31848963677405
NIFTY 50,2022-08-17,17868.15,17965.95,17833.35,17944.25,132.60000000000218,0.6675923198833145,17153.5125,16390.881999999998,0.6213250816297499,47.29530063615843
NIFTY 50,2022-08-18,17898.65,17968.45,17852.05,17956.5,116.40000000000146,0.06826699360520383,17234.309999999998,16421.685,0.6281157715882827,47.395854709624466
NIFTY 50,2022-08-19,17966.55,17992.2,17710.75,17758.45,281.4500000000007,-1.1029432239022086,17296.19,16449.729000000003,0.7013315230390994,45.77016211779193
NIFTY 50,2022-08-22,17682.9,17690.05,17467.35,17490.7,222.70000000000073,-1.5077329384039717,17340.4625,16469.981,0.8151278612615643,43.57233736917709
NIFTY 50,2022-08-23,17357.35,17625.55,17345.2,17577.5,280.34999999999854,0.49626372872439983,17383.364999999998,16497.495,0.8109938253315475,44.28483480402217
NIFTY 50,2022-08-24,17525.45,17623.65,17499.25,17604.95,124.40000000000146,0.15616555255297815,17432.0625,16534.106,0.7904005861913458,44.51015801354403
NIFTY 50,2022-08-25,17679.0,17726.5,17487.45,17522.45,239.04999999999927,-0.46861820113093255,17483.9925,16569.913,0.7629014063588285,43.832957110609485
NIFTY 50,2022-08-26,17619.3,17685.85,17519.35,17558.9,166.5,0.2080188558106988,17529.8475,16607.248,0.747576630581126,44.132156782269675
NIFTY 50,2022-08-29,17188.65,17380.15,17166.2,17312.9,213.95000000000073,-1.400998923622776,17549.0125,16646.293999999998,0.7538927285252242,42.11286681715576
NIFTY 50,2022-08-30,17414.95,17777.65,17401.5,17759.3,376.15000000000146,2.5784241808131325,17579.065,16695.61,0.896361939105925,45.77713933921608
NIFTY 50,2022-09-01,17485.7,17695.6,17468.45,17542.8,227.14999999999782,-1.2190795808393329,17589.2025,16739.463,0.9225901724666297,43.99999999999999
NIFTY 50,2022-09-02,17598.4,17643.85,17476.45,17539.45,167.39999999999782,-0.019096153407660577,17598.9025,16777.476,0.9227474788860971,43.97250153909296
NIFTY 50,2022-09-05,17546.45,17683.15,17540.35,17665.8,142.8000000000029,0.7203760665243086,17612.785,16822.526,0.9338181553948587,45.00964498255695
NIFTY 50,2022-09-06,17695.7,17764.65,17587.65,17655.6,177.0,-0.05773868152022521,17626.465,16864.505,0.9339812432384519,44.92591832546684
NIFTY 50,2022-09-07,17519.4,17650.75,17484.3,17624.4,166.45000000000073,-0.17671447019640407,17637.81,16903.008,0.9357681550450621,44.66981325672072
NIFTY 50,2022-09-08,17748.15,17807.65,17691.95,17798.75,115.70000000000073,0.9892535348720921,17651.4925,16942.342,0.9470096033416208,46.10096449825569
NIFTY 50,2022-09-09,17923.35,17925.95,17786.0,17833.35,139.95000000000073,0.19439567385348688,17666.4225,16982.005,0.9473154178051001,46.38497845269853
NIFTY 50,2022-09-12,17890.85,17980.55,17889.15,17936.35,91.39999999999782,0.5775695536733183,17680.29,17024.75,0.9432473314861652,47.23045351939257
NIFTY 50,2022-09-13,18044.45,18088.3,18015.45,18070.05,72.84999999999854,0.7454136432440306,17698.885000000002,17070.546000000002,0.9545269472456915,48.32792940693618
NIFTY 50,2022-09-14,17771.15,18091.55,17771.15,18003.75,320.3999999999978,-0.36690545958644183,17707.809999999998,17115.58,0.9488621457646778,47.783706135850615
NIFTY 50,2022-09-15,18046.35,18096.15,17861.5,17877.4,234.65000000000146,-0.7017982364785014,17704.4675,17156.421,0.9516656828965123,46.74656269238664
NIFTY 50,2022-09-16,17796.8,17820.05,17497.25,17530.85,322.7999999999993,-1.9384809871681674,17683.184999999998,17190.821,1.0438211820944545,43.90190847527189
NIFTY 50,2022-09-19,17540.65,17667.2,17429.7,17622.25,237.5,0.5213666194166411,17676.375,17223.47,1.0259210038106723,44.652164990765456
NIFTY 50,2022-09-20,17770.4,17919.3,17744.4,17816.25,174.89999999999782,1.1008809885230342,17692.6525,17257.137000000002,0.9939542640218856,46.24461317463575
NIFTY 50,2022-09-21,17766.35,17838.7,17663.6,17718.35,175.10000000000218,-0.549498351224309,17699.695,17287.092,0.9993336724215436,45.44100143648675
NIFTY 50,2022-09-22,17609.65,17722.75,17532.45,17629.8,190.29999999999927,-0.49976436857833706,17700.9375,17315.368,1.0062207262417056,44.71413913400368
NIFTY 50,2022-09-23,17593.85,17642.15,17291.65,17327.35,350.5,-1.7155611521401326,17691.1825,17340.749,1.0739126647736754,42.231479581366706
NIFTY 50,2022-09-26,17156.3,17196.4,16978.3,17016.3,218.10000000000218,-1.795138898908366,17664.052499999998,17361.742,1.1399167381674906,39.67822696490868
NIFTY 50,2022-09-27,17110.9,17176.45,16942.35,17007.4,234.10000000000218,-0.05230279202880217,17648.7775,17383.117,1.1012948532441806,39.605171352349686
NIFTY 50,2022-09-28,16870.55,17037.6,16820.4,16858.6,217.1999999999971,-0.8749132730458631,17603.7425,17399.305,0.9173849741895485,38.38374717832955
NIFTY 50,2022-09-29,16993.6,17026.05,16788.6,16818.1,237.45000000000073,-0.24023347134399797,17567.5075,17410.096999999998,0.8889646954878923,38.051303098707145
NIFTY 50,2022-09-30,16798.05,17187.1,16747.7,17094.35,439.3999999999978,1.6425755584756896,17545.2525,17425.173,0.9803942870613711,40.31890006156371
NIFTY 50,2022-10-03,17102.1,17114.65,16855.55,16887.35,259.1000000000022,-1.2109264172080247,17506.33,17432.503,0.9879475008839613,38.61974143238251
NIFTY 50,2022-10-04,17147.45,17287.3,17117.3,17274.3,170.0,2.2913601009039386,17487.265,17445.884,1.1367417485751006,41.79601887954032
NIFTY 50,2022-10-06,17379.25,17428.8,17315.65,17331.8,113.14999999999782,0.33286442865991805,17472.635000000002,17458.131,1.140705812372966,42.2680073876462
NIFTY 50,2022-10-07,17287.2,17337.35,17216.95,17314.65,120.39999999999782,-0.09895106105538565,17448.43,17471.804,1.1127559407657461,42.12723168479378
NIFTY 50,2022-10-10,17094.35,17280.15,17064.7,17241.0,215.45000000000073,-0.425362337673596,17418.8125,17486.947,1.1118200630386164,41.52267596962857
NIFTY 50,2022-10-11,17256.05,17261.8,16950.3,16983.55,311.5,-1.4932428513427354,17371.1725,17493.782,1.1354080447124217,39.40939872768314
NIFTY 50,2022-10-12,17025.55,17142.35,16960.05,17123.6,182.29999999999927,0.8246214719537459,17323.85,17497.662,1.1392548196801826,40.558998563513214
NIFTY 50,2022-10-13,17087.35,17112.35,16956.95,17014.35,155.39999999999782,-0.6380083627274602,17274.379999999997,17494.784,1.142171904109367,39.66222039811203
NIFTY 50,2022-10-14,17322.3,17348.55,17169.75,17185.7,178.79999999999927,1.0070910731235783,17239.795,17491.697,1.1721700001436037,41.06874615226761
NIFTY 50,2022-10-17,17144.8,17328.55,17098.55,17311.8,230.0,0.7337495708641395,17228.8425,17491.024,1.1132659538965692,42.1038374717833
NIFTY 50,2022-10-18,17438.75,17527.8,17434.05,17486.95,93.75,1.0117376587067906,17222.0775,17493.0,1.131917327907162,43.5415555099528
NIFTY 50,2022-10-19,17568.15,17607.6,17472.85,17512.25,134.75,0.14467931800570266,17206.8775,17495.605,1.1013082493348647,43.749230453519395
NIFTY 50,2022-10-20,17423.1,17584.15,17421.0,17563.95,163.15000000000146,0.2952219160873071,17199.157499999998,17498.934,1.0985599138995217,44.17360968602504
NIFTY 50,2022-10-21,17622.85,17670.15,17520.75,17576.3,149.40000000000146,0.07031447937393409,17196.4825,17499.958,1.093332152773599,44.27498460907038
NIFTY 50,2022-10-24,17736.35,17777.55,17707.4,17730.75,70.14999999999782,0.8787401216410862,17216.6525,17503.878,1.0324739043956077,45.54278678432178
NIFTY 50,2022-10-25,17808.3,17811.5,17637.0,17656.35,174.5,-0.4196099995770197,17248.655000000002,17503.825,0.9398300427767702,44.932074697311705
NIFTY 50,2022-10-27,17771.4,17783.9,17654.5,17736.95,129.40000000000146,0.4564929897742376,17285.1325,17504.601000000002,0.93984158094559,45.593679458239286
NIFTY 50,2022-10-28,17756.4,17838.9,17723.7,17786.8,115.20000000000073,0.28105170280121605,17331.542500000003,17503.832,0.9041932960172129,46.00287297352759
NIFTY 50,2022-10-31,17910.2,18022.8,17899.9,18012.2,122.89999999999782,1.267231879821007,17391.247499999998,17505.191000000003,0.9218858702477482,47.85306792530268
NIFTY 50,2022-11-01,18130.7,18175.8,18060.15,18145.4,115.64999999999782,0.7394987841573997,17443.8,17508.969,0.8760981041149163,48.94643956494973
NIFTY 50,2022-11-02,18177.9,18178.75,18048.65,18082.85,130.09999999999854,-0.3447154650765616,17503.575,17515.457,0.8167473149668603,48.432998153088434
NIFTY 50,2022-11-03,17968.35,18106.3,17959.2,18052.7,147.09999999999854,-0.16673256704555772,17542.495,17526.697,0.6824691406115728,48.185512004925116
NIFTY 50,2022-11-04,18053.4,18135.1,18017.15,18117.15,117.94999999999709,0.3570103087072951,17581.7625,17537.49,0.6826953502100706,48.71454955879337
NIFTY 50,2022-11-07,18211.75,18255.5,18064.75,18202.8,190.75,0.47275647659812403,17626.17,17549.447,0.680424751337797,49.4176072234763
NIFTY 50,2022-11-09,18288.25,18296.4,18117.5,18157.0,178.90000000000146,-0.25160964247258333,17671.969999999998,17562.138,0.6723742219462684,49.041658116150224
NIFTY 50,2022-11-10,18044.35,18103.1,17969.4,18028.2,133.6999999999971,-0.7093682877127194,17724.2025,17571.523999999998,0.5814087371940742,47.98440385799303
NIFTY 50,2022-11-11,18272.35,18362.3,18259.35,18349.7,102.95000000000073,1.7833172474234882,17785.5075,17592.26,0.6609705924441308,50.62343525548945
NIFTY 50,2022-11-14,18376.4,18399.45,18311.4,18329.15,88.04999999999927,-0.11199093173185348,17851.2475,17603.657,0.6293622219939179,50.4547506669403
NIFTY 50,2022-11-15,18362.75,18427.95,18282.0,18403.4,145.95000000000073,0.4050924347282825,17912.1325,17620.869,0.6116748623289207,51.064231479581366
NIFTY 50,2022-11-16,18398.25,18442.15,18344.15,18409.65,98.0,0.033961115880765114,17967.025,17638.273,0.6082507828505067,51.115534578288546
NIFTY 50,2022-11-17,18358.7,18417.6,18312.95,18343.9,104.64999999999782,-0.35714964706010655,18009.8725,17651.835,0.6020764174301709,50.57582597988919
NIFTY 50,2022-11-18,18382.95,18394.6,18209.8,18307.65,184.79999999999927,-0.19761337556354341,18049.6425,17664.876,0.6097805273100168,50.27826800738766
NIFTY 50,2022-11-21,18246.4,18262.3,18133.35,18159.95,128.95000000000073,-0.8067665702588878,18079.4425,17675.587,0.6513835920269759,49.065873178740006
NIFTY 50,2022-11-22,18179.15,18261.85,18137.7,18244.2,124.14999999999782,0.46393299541023225,18112.8375,17684.496,0.6541854903269781,49.75743894931255
NIFTY 50,2022-11-23,18325.2,18325.4,18246.0,18267.25,79.40000000000146,0.12634152223720552,18139.6625,17693.174,0.6337277803406373,49.94664477734456
NIFTY 50,2022-11-24,18326.1,18529.7,18294.25,18484.1,235.45000000000073,1.1870971273727493,18181.05,17704.129,0.6589166337395308,51.72665709008824
NIFTY 50,2022-11-25,18528.45,18534.9,18445.1,18512.75,89.80000000000291,0.1549980794304462,18219.840000000004,17712.982999999997,0.6569415592555007,51.961830494561866
NIFTY 50,2022-11-28,18430.55,18614.25,18365.6,18562.75,248.65000000000146,0.27008413120686026,18258.6375,17724.162999999997,0.6568892538652846,52.37225528421916
NIFTY 50,2022-11-29,18552.45,18678.1,18552.15,18618.05,125.94999999999709,0.2979084456774972,18288.93,17738.976000000002,0.6092600872749582,52.82618510158012
NIFTY 50,2022-11-30,18625.7,18816.05,18616.55,18758.35,199.5,0.7535697884579751,18319.5775,17763.525999999998,0.6099633322958445,53.9778370613585
NIFTY 50,2022-12-01,18871.95,18887.6,18778.2,18812.5,109.39999999999782,0.28867144498316843,18356.059999999998,17787.331,0.5982724149065519,54.42232710855737
NIFTY 50,2022-12-02,18752.4,18781.95,18639.2,18696.1,142.75,-0.618737541528247,18388.230000000003,17804.928,0.6209499251264033,53.46685819823516
NIFTY 50,2022-12-05,18719.55,18728.6,18591.35,18701.05,137.25,0.026476109990847263,18417.425,17824.582,0.6203071487744949,53.50749025241124
NIFTY 50,2022-12-06,18600.65,18654.9,18577.9,18642.75,77.0,-0.31174720136034617,18439.4225,17844.841,0.6243166958592969,53.02893494767085
NIFTY 50,2022-12-07,18638.85,18668.3,18528.4,18560.5,139.89999999999782,-0.4411902750398933,18459.5975,17869.504,0.6316728385035829,52.35378616868458
NIFTY 50,2022-12-08,18570.85,18625.0,18536.95,18609.35,88.04999999999927,0.2631933406966436,18488.655,17901.365,0.6018578025552428,52.75477118817975
NIFTY 50,2022-12-09,18662.4,18664.7,18410.1,18496.6,254.60000000000218,-0.6058782278800745,18496.0,17931.148999999998,0.4893969795406655,51.82926328750255
NIFTY 50,2022-12-12,18402.15,18521.55,18345.7,18497.15,175.84999999999854,0.0029735194576385737,18504.4,17963.92,0.4881789312256089,51.8337779601888
NIFTY 50,2022-12-13,18524.4,18617.25,18490.2,18608.0,127.04999999999927,0.5992815109354677,18514.629999999997,17999.718,0.49752264116842865,52.74368971885901
NIFTY 50,2022-12-14,18671.25,18696.1,18632.9,18660.3,63.19999999999709,0.2810619088563948,18527.1625,18031.037,0.49999624056967207,53.17299404884055
NIFTY 50,2022-12-15,18614.4,18652.9,18387.7,18414.9,265.2000000000007,-1.3150913972444056,18530.7125,18061.588,0.5820931750645831,51.158629181202556
NIFTY 50,2022-12-16,18319.1,18440.95,18255.15,18269.0,185.79999999999927,-0.7922931973564973,18528.78,18081.482000000004,0.608436448286418,49.96100964498255
NIFTY 50,2022-12-19,18288.1,18431.65,18244.55,18420.45,187.10000000000218,0.8289999452624652,18541.805,18103.255,0.6054617004732682,51.204186332854505
NIFTY 50,2022-12-20,18340.3,18404.9,18202.65,18385.3,202.25,-0.1908205282715736,18548.86,18124.668,0.6008944348995291,50.915657705725415
NIFTY 50,2022-12-21,18435.15,18473.35,18162.75,18199.1,310.59999999999854,-1.0127656334136592,18545.4525,18143.83,0.6446928551894273,49.387235789041654
NIFTY 50,2022-12-22,18288.8,18318.75,18068.6,18127.35,250.15000000000146,-0.3942502651229973,18527.614999999998,18166.706000000002,0.5833343077954664,48.79827621588342
NIFTY 50,2022-12-23,17977.65,18050.45,17779.5,17806.8,270.9500000000007,-1.7683224519855267,18492.317499999997,18180.37,0.6888150904613268,46.16704288939051
NIFTY 50,2022-12-26,17830.4,18084.1,17774.25,18014.6,309.84999999999854,1.1669699216029894,18464.909999999996,18200.375,0.7471987999766697,47.872768315206216
NIFTY 50,2022-12-27,18089.8,18149.25,17967.45,18132.3,181.79999999999927,0.6533589421913399,18440.6225,18219.307,0.7624130427749023,48.8389082700595
NIFTY 50,2022-12-28,18084.75,18173.1,18068.35,18122.5,104.75,-0.05404719754250609,18408.83,18235.520999999997,0.7340495944344178,48.75846501128669
NIFTY 50,2022-12-29,18045.7,18229.7,17992.8,18191.0,236.90000000000146,0.377983170092433,18377.755,18249.602,0.7372495965033251,49.32074697311717
NIFTY 50,2022-12-30,18259.1,18265.25,18080.3,18105.3,184.95000000000073,-0.47111208839536456,18348.215,18261.463,0.733198153237543,48.61727888364457
NIFTY 50,2023-01-02,18131.7,18215.15,18086.5,18197.45,128.65000000000146,0.5089669875671943,18323.035,18274.132999999998,0.747383176345612,49.373691770982965
NIFTY 50,2023-01-03,18163.2,18251.95,18149.8,18232.55,102.15000000000146,0.19288416783669327,18302.525,18287.258,0.7495722009326711,49.66180997332239
NIFTY 50,2023-01-04,18230.65,18243.0,18020.6,18042.95,222.40000000000146,-1.039898423424035,18276.6475,18293.502,0.7750790444338322,48.10547917094192
NIFTY 50,2023-01-05,18101.95,18120.3,17892.6,17992.15,227.70000000000073,-0.2815504116566281,18245.7875,18300.218,0.7697756546871624,47.68848758465012
NIFTY 50,2023-01-06,18008.05,18047.4,17795.55,17859.45,251.85000000000218,-0.7375438733003059,18213.93,18302.668,0.77428827392848,46.59922019289966
NIFTY 50,2023-01-09,17952.55,18141.4,17936.15,18101.2,205.25,1.3536251116355702,18194.1325,18308.956000000002,0.8459604312103282,48.58362405089267
NIFTY 50,2023-01-10,18121.3,18127.6,17856.0,17914.15,271.59999999999854,-1.0333569045146151,18159.440000000002,18306.995,0.8531914757835476,47.048224912784754
NIFTY 50,2023-01-11,17924.25,17976.35,17824.35,17895.7,152.0,-0.10299121085846075,18121.21,18302.001,0.8464125652509343,46.89677816540119
NIFTY 50,2023-01-12,17920.85,17945.8,17761.65,17858.2,184.14999999999782,-0.20954754494096894,18093.375,18297.508,0.8052368438112394,46.58895957315823
NIFTY 50,2023-01-13,17867.5,17999.35,17774.25,17956.6,225.09999999999854,0.5510073803630666,18077.755,18295.586,0.8048908496087545,47.39667555920377
NIFTY 50,2023-01-16,18033.15,18049.65,17853.65,17894.85,196.0,-0.34388469977613134,18051.475,18291.14,0.7771874918142816,46.88980094397701
NIFTY 50,2023-01-17,17922.8,18072.05,17886.95,18053.3,185.09999999999854,0.8854502831820321,18034.875,18288.15,0.8101732733009951,48.190437102400985
NIFTY 50,2023-01-18,18074.3,18183.75,18032.45,18165.35,151.29999999999927,0.6206621504101673,18033.1875,18288.317,0.7942119852070325,49.110199056022964
NIFTY 50,2023-01-19,18119.8,18155.2,18063.75,18107.85,91.45000000000073,-0.3165367031188526,18032.2125,18289.91,0.7924019837496408,48.63821054791708
NIFTY 50,2023-01-20,18115.6,18145.45,18016.2,18027.65,129.25,-0.44290183539181793,18043.254999999997,18283.469,0.6850979372190239,47.9798891853068
NIFTY 50,2023-01-23,18118.45,18162.6,18063.45,18118.55,99.14999999999782,0.5042254536780977,18048.452500000003,18279.256999999998,0.6437127325714862,48.72604145290376
NIFTY 50,2023-01-24,18183.95,18201.25,18078.65,18118.3,122.59999999999854,-0.0013798013637988937,18047.7525,18273.555,0.6268088887937243,48.723989328955454
NIFTY 50,2023-01-25,18093.35,18100.6,17846.15,17891.95,254.4499999999971,-1.2492893924926696,18036.225,18263.200999999997,0.6861983929988379,46.865996306176896
NIFTY 50,2023-01-27,17877.2,17884.75,17493.55,17604.35,391.2000000000007,-1.6074268036742945,18006.892499999998,18248.41,0.7589854022775593,44.50523291606812
NIFTY 50,2023-01-30,17541.95,17709.15,17405.55,17648.95,303.6000000000022,0.25334647402490695,17984.075,18235.236,0.7606933400163158,44.87133182844245
NIFTY 50,2023-01-31,17731.45,17735.7,17537.55,17662.15,198.15000000000146,0.07479198479229954,17957.309999999998,18225.28,0.7477396711939912,44.979683972911964
NIFTY 50,2023-02-01,17811.6,17972.2,17353.4,17616.3,618.7999999999993,-0.25959466995808533,17926.4975,18212.721999999998,0.7437647973869992,44.60332444079622
NIFTY 50,2023-02-02,17517.1,17653.9,17445.95,17610.4,207.95000000000073,-0.03349170938277135,17904.87,18199.585,0.7152501309009901,44.55489431561668
NIFTY 50,2023-02-03,17721.75,17870.3,17584.2,17854.05,286.09999999999854,1.38355744332892,17897.965000000004,18186.984,0.7884727950237795,46.55489431561666
NIFTY 50,2023-02-06,17818.55,17823.7,17698.35,17764.6,125.35000000000218,-0.5010067743733249,17893.2225,18172.021,0.7791074967486026,45.82064436691975
NIFTY 50,2023-02-07,17790.1,17811.15,17652.55,17721.5,158.60000000000218,-0.242617340103346,17874.2375,18155.196,0.7092080006116931,45.46685819823517
NIFTY 50,2023-02-08,17750.3,17898.7,17744.15,17871.7,154.54999999999927,0.8475580509550662,17872.114999999998,18140.269,0.7041125208326248,46.699774266365694
NIFTY 50,2023-02-09,17885.5,17916.9,17779.8,17893.45,137.10000000000218,0.12170078951638796,17872.002500000002,18122.971,0.7043348736333082,46.87830904986663
NIFTY 50,2023-02-10,17847.55,17876.95,17801.0,17856.5,75.95000000000073,-0.20650014390740656,17871.9175,18103.851000000002,0.7042870897386873,46.575005130309876
NIFTY 50,2023-02-13,17859.1,17880.7,17719.75,17770.9,160.95000000000073,-0.4793772575812594,17862.6325,18085.347,0.6996757166326392,45.872357890416595
NIFTY 50,2023-02-14,17840.35,17954.55,17800.05,17929.85,154.5,0.8944397863923426,17864.3825,18069.923,0.7265419101186139,47.17709829673711
NIFTY 50,2023-02-15,17896.6,18034.1,17853.8,18015.85,180.29999999999927,0.47964706899388254,17862.510000000002,18057.385,0.7062567008540809,47.88302893494767
NIFTY 50,2023-02-16,18094.75,18134.75,18000.65,18035.85,134.09999999999854,0.11101335768226583,17856.034999999996,18046.892,0.6914181901589492,48.04719885081057
NIFTY 50,2023-02-17,17974.85,18034.25,17884.6,17944.2,149.65000000000146,-0.5081545921040487,17847.8525,18033.589,0.6968529831673845,47.29489021136877
NIFTY 50,2023-02-20,17965.55,18004.35,17818.4,17844.6,185.9499999999971,-0.5550540007356219,17838.7,18020.549000000003,0.7006804987757782,46.47732403037141
NIFTY 50,2023-02-21,17905.8,17924.9,17800.3,17826.7,124.60000000000218,-0.10031045806573324,17824.1075,18007.14,0.6885070582497983,46.33039195567412
NIFTY 50,2023-02-22,17755.35,17772.5,17529.45,17554.3,243.04999999999927,-1.528045011134993,17795.907499999998,17986.066000000003,0.7603410374741785,44.094397701621176
NIFTY 50,2023-02-23,17574.65,17620.05,17455.4,17511.25,164.64999999999782,-0.245239058236435,17776.872499999998,17963.085,0.716166791834029,43.74102195772625
NIFTY 50,2023-02-24,17591.35,17599.75,17421.8,17465.8,177.95000000000073,-0.25954743379256184,17769.945,17944.103,0.6249574762251009,43.367945823927755
NIFTY 50,2023-02-27,17428.6,17451.6,17299.0,17392.7,152.59999999999854,-0.41853221724741374,17757.1325,17926.577,0.6265483637082881,42.767904781448806
NIFTY 50,2023-02-28,17383.25,17440.45,17255.2,17303.95,185.25,-0.5102715507080524,17739.2225,17904.247,0.6329964162437529,42.0394007798071
NIFTY 50,2023-03-01,17360.1,17467.75,17345.25,17450.9,122.5,0.8492280664241347,17730.9525,17885.558999999997,0.6660244726485419,43.24563923660991
NIFTY 50,2023-03-02,17421.5,17445.8,17306.0,17321.9,139.79999999999927,-0.7392168885272388,17716.527500000004,17868.015,0.6838365004727002,42.18674327929408
NIFTY 50,2023-03-03,17451.25,17644.75,17427.7,17594.35,217.04999999999927,1.5728644086387522,17703.5425,17857.355,0.7061128098360977,44.42314795813667
NIFTY 50,2023-03-06,17680.35,17799.95,17671.95,17711.45,128.0,0.6655545672332508,17700.885000000002,17855.447999999997,0.716812146253505,45.38436281551406
NIFTY 50,2023-03-08,17665.75,17766.5,17602.25,17754.4,164.25,0.2424984967351662,17702.53,17850.244,0.7168248150761138,45.73691770982968
NIFTY 50,2023-03-09,17772.05,17772.35,17573.6,17589.6,198.75,-0.9282206101023038,17688.425,17839.39,0.7178215043647472,44.38415760311922
NIFTY 50,2023-03-10,17443.8,17451.5,17324.35,17412.9,127.15000000000146,-1.0045708827943645,17664.3975,17825.198,0.7450678662167757,42.933716396470366
NIFTY 50,2023-03-13,17421.9,17529.9,17113.45,17154.3,416.4500000000007,-1.4851058697862074,17629.2875,17804.464,0.8041813808082365,40.81099938436281
NIFTY 50,2023-03-14,17160.55,17224.65,16987.1,17043.3,237.5500000000029,-0.6470680820552244,17592.9075,17783.224,0.8081413763868966,39.899856351323606
NIFTY 50,2023-03-15,17166.45,17211.35,16938.9,16972.15,272.4499999999971,-0.41746610104849147,17545.0225,17758.718,0.7663044521314576,39.31582187564131
NIFTY 50,2023-03-16,16994.65,17062.45,16850.15,16985.6,212.29999999999927,0.07924747306615743,17493.510000000002,17733.779,0.7507250502680017,39.426226144059086
NIFTY 50,2023-03-17,17111.8,17145.8,16958.15,17100.05,187.64999999999782,0.6738060474755114,17446.72,17714.921000000002,0.776697905568105,40.36568848758464
NIFTY 50,2023-03-20,17066.6,17066.6,16828.35,16988.4,238.25,-0.6529220674793224,17398.93,17694.846,0.7797695843050042,39.44920993227991
NIFTY 50,2023-03-21,17060.4,17127.7,17016.0,17107.5,111.70000000000073,0.7010666101575191,17362.075,17679.807,0.8057897608882673,40.42684178124358
NIFTY 50,2023-03-22,17177.45,17207.25,17107.85,17151.9,99.40000000000146,0.25953529153881494,17328.335,17660.821,0.8123029166399046,40.79129899445928
NIFTY 50,2023-03-23,17097.4,17205.4,17045.3,17076.9,160.10000000000218,-0.43726934042293,17304.465000000004,17644.075999999997,0.7520968642571703,40.17566180997334
NIFTY 50,2023-03-24,17076.2,17109.45,16917.35,16945.05,192.10000000000218,-0.7720956379670962,17276.155000000002,17625.063000000002,0.7652697373818621,39.09337163964703
NIFTY 50,2023-03-27,16984.3,17091.0,16918.55,16985.7,172.45000000000073,0.23989306611666983,17252.15,17607.612999999998,0.7700332553468192,39.42704699363841
NIFTY 50,2023-03-28,17031.75,17061.75,16913.75,16951.7,148.0,-0.20016837692883316,17230.100000000002,17587.515,0.7673666376796409,39.14795813667147
NIFTY 50,2023-03-29,16977.3,17126.15,16940.6,17080.7,185.5500000000029,0.7609856238607327,17218.9375,17571.232,0.7862391852393458,40.206854093987275
NIFTY 50,2023-03-31,17210.35,17381.6,17204.65,17359.75,176.9499999999971,1.6337152458622883,17214.379999999997,17557.360999999997,0.8509921918336422,42.49743484506465
NIFTY 50,2023-04-03,17427.95,17428.05,17312.75,17398.05,115.29999999999927,0.22062529702329137,17218.1875,17542.015,0.8353821167268203,42.81182023394212
NIFTY 50,2023-04-05,17422.3,17570.55,17402.7,17557.05,167.84999999999854,0.9138955227740997,17216.322500000002,17530.999,0.7824477314296022,44.116971065052326
NIFTY 50,2023-04-06,17533.85,17638.7,17502.85,17599.15,135.85000000000218,0.2397897141034555,17210.707499999997,17522.429,0.7688397801569915,44.46254873794378
NIFTY 50,2023-04-10,17634.9,17694.1,17597.95,17624.05,96.14999999999782,0.14148410576646508,17204.190000000002,17512.539,0.7672926593345681,44.66694028319309
NIFTY 50,2023-04-11,17704.8,17748.75,17655.15,17722.3,93.59999999999854,0.5574768569085897,17210.825,17504.619,0.747838894866306,45.47342499486968
NIFTY 50,2023-04-12,17759.55,17825.75,17717.25,17812.4,108.5,0.5083990227002344,17230.8,17503.028000000002,0.7122639290799256,46.21301046583215
NIFTY 50,2023-04-13,17807.3,17842.15,17729.65,17828.0,112.5,0.08757943904245113,17264.484999999997,17507.501,0.6049367565832566,46.34106300020522
NIFTY 50,2023-04-17,17863.0,17863.0,17574.05,17706.85,288.9500000000007,-0.6795490240071866,17297.6625,17508.659,0.6073538322959056,45.34660373486557
NIFTY 50,2023-04-18,17766.6,17766.6,17610.2,17660.15,156.39999999999782,-0.2637397391404894,17332.0625,17508.619,0.6001528716030119,44.96326698132569
NIFTY 50,2023-04-19,17653.35,17666.15,17579.85,17618.75,86.30000000000291,-0.2344260949086019,17363.719999999998,17508.668,0.6075438016593342,44.62343525548944
NIFTY 50,2023-04-20,17638.6,17684.45,17584.35,17624.45,100.10000000000218,0.0323518978361248,17389.94,17508.949,0.597219602056453,44.670223681510365
NIFTY 50,2023-04-21,17639.75,17663.2,17553.95,17624.05,109.25,-0.0022695743697065396,17421.7225,17504.349,0.5680253920977772,44.66694028319309
NIFTY 50,2023-04-24,17707.55,17754.5,17612.5,17743.4,142.0,0.6771996221073051,17453.517499999998,17503.925,0.5669089173319334,45.646624256105085
NIFTY 50,2023-04-25,17761.55,17807.45,17716.85,17769.25,90.60000000000218,0.14568797411995682,17484.385000000002,17504.88,0.5666838771627782,45.858813872357885
NIFTY 50,2023-04-26,17767.3,17827.75,17711.2,17813.6,116.54999999999927,0.24958847447134058,17521.219999999998,17503.718,0.5479053203295433,46.222860660783894
NIFTY 50,2023-04-27,17813.1,17931.6,17797.9,17915.05,133.6999999999971,0.569508689989684,17569.72,17504.15,0.5011026955604723,47.05561255899855
NIFTY 50,2023-04-28,17950.4,18089.15,17885.3,18065.0,203.85000000000218,0.8370057577288481,17623.685,17508.32,0.5161554108111958,48.286476503180786
NIFTY 50,2023-05-02,18124.8,18180.25,18101.75,18147.65,78.5,0.45751453086078087,17683.4825,17515.855,0.5027342493022625,48.96490868048431
NIFTY 50,2023-05-03,18113.8,18116.35,18042.4,18089.85,73.94999999999709,-0.3184985383782646,17733.940000000002,17519.055,0.5132928837632903,48.49045762364046
NIFTY 50,2023-05-04,18081.0,18267.45,18066.7,18255.8,200.75,0.9173652628407636,17778.7425,17523.854,0.43324788724884294,49.85265750051302
NIFTY 50,2023-05-05,18117.3,18216.95,18055.45,18069.0,161.5,-1.0232364508813596,17812.29,17524.517,0.5189244015961574,48.31931048635339
NIFTY 50,2023-05-08,18120.6,18286.95,18100.3,18264.4,186.65000000000146,1.0814101499806439,17847.657499999998,17530.921,0.5323894757038603,49.92325056433409
NIFTY 50,2023-05-09,18303.4,18344.2,18229.65,18265.95,114.54999999999927,0.008486454523559672,17880.9975,17539.348,0.5339674701676786,49.935973732813466
NIFTY 50,2023-05-10,18313.6,18326.75,18211.95,18315.1,114.79999999999927,0.2690799000325539,17915.55,17549.116,0.5341513753705228,50.33942130104656
NIFTY 50,2023-05-11,18357.8,18389.7,18270.4,18297.0,119.29999999999927,-0.09882555923800274,17944.285,17563.97,0.5307854012670581,50.190847527190655
NIFTY 50,2023-05-12,18273.75,18342.75,18194.55,18314.8,148.20000000000073,0.0972837077116484,17969.405000000002,17580.040999999997,0.5245488581479889,50.33695875230863
NIFTY 50,2023-05-15,18339.3,18458.9,18287.9,18398.85,171.0,0.45891847030816724,17997.947500000002,17598.702,0.5291299526917751,51.026882823722545
NIFTY 50,2023-05-16,18432.35,18432.35,18264.35,18286.5,168.0,-0.6106359908363723,18026.93,17616.578,0.5235769371881058,50.10465832136261
NIFTY 50,2023-05-17,18300.45,18309.0,18115.35,18181.75,193.65000000000146,-0.5728269488420423,18053.010000000002,17634.134000000002,0.5410888094067481,49.244818387030584
NIFTY 50,2023-05-18,18287.5,18297.2,18104.85,18129.95,192.35000000000218,-0.28490106837900653,18078.57,17647.715,0.5430757248515302,48.819618304945635
NIFTY 50,2023-05-19,18186.15,18218.1,18060.4,18203.4,157.6999999999971,0.40513073670915833,18107.5175,17665.345,0.5454157703732895,49.42253232095219
NIFTY 50,2023-05-22,18201.1,18335.25,18178.85,18314.4,156.40000000000146,0.6097761956557646,18142.035,17679.746,0.5527667773175537,50.3336753539914
NIFTY 50,2023-05-23,18362.9,18419.75,18324.2,18348.0,95.54999999999927,0.1834621936836589,18172.265,17692.477000000003,0.5409380794569404,50.609480812641095
NIFTY 50,2023-05-24,18294.8,18392.6,18262.95,18285.4,129.64999999999782,-0.3411816001744006,18198.072500000002,17703.096999999998,0.552869015795831,50.09562897599016
NIFTY 50,2023-05-25,18268.9,18338.1,18202.4,18321.15,135.6999999999971,0.1955111728482839,18223.45,17717.728,0.5524612434257071,50.389082700595125
NIFTY 50,2023-05-26,18368.35,18508.55,18333.15,18499.35,175.39999999999782,0.9726463677225405,18252.665,17739.457,0.5757432176875802,51.85183665093371
NIFTY 50,2023-05-29,18619.15,18641.2,18581.25,18598.65,59.95000000000073,0.5367756164405879,18279.347499999996,17768.343999999997,0.5609459354233141,52.66694028319312
NIFTY 50,2023-05-30,18606.65,18662.45,18575.5,18633.85,86.95000000000073,0.18926104851695325,18303.6575,17800.155,0.5563226316174336,52.95587933511183
NIFTY 50,2023-05-31,18594.2,18603.9,18483.85,18534.4,120.05000000000291,-0.5337061315831004,18325.885,17831.4,0.5674993992284164,52.1395444284835
NIFTY 50,2023-06-01,18579.4,18580.3,18464.55,18487.75,115.75,-0.25169414709945714,18337.4825,17861.443,0.5409580290323146,51.75661809973322
NIFTY 50,2023-06-02,18550.85,18573.7,18478.4,18534.1,95.29999999999927,0.2507065489310456,18360.7375,17890.124,0.47740187340779944,52.13708187974553
NIFTY 50,2023-06-05,18612.0,18640.15,18582.8,18593.85,57.35000000000218,0.3223787505193032,18377.21,17922.233,0.4249259492819837,52.62753950338599
NIFTY 50,2023-06-06,18600.8,18622.75,18531.6,18599.0,91.15000000000146,0.027697330031184464,18393.8625,17952.063000000002,0.42475299638826686,52.66981325672071
NIFTY 50,2023-06-07,18665.6,18738.95,18636.0,18726.4,102.95000000000073,0.684983063605582,18414.427499999998,17983.553,0.44367720132991745,53.715575620767495
NIFTY 50,2023-06-08,18725.35,18777.9,18615.6,18634.55,162.3000000000029,-0.49048402255640333,18431.305,18014.706000000002,0.46174949009973026,52.961625282167034
NIFTY 50,2023-06-09,18655.9,18676.65,18555.4,18563.4,121.25,-0.38181764518058214,18443.735,18047.073,0.4737573008868979,52.37759080648472
NIFTY 50,2023-06-12,18595.05,18633.6,18559.75,18601.5,73.84999999999854,0.20524257409741953,18453.8675,18079.389000000003,0.46608831317072597,52.690334496203576
NIFTY 50,2023-06-13,18631.8,18728.9,18631.8,18716.15,97.10000000000218,0.6163481439668939,18475.35,18114.678,0.45435269320232063,53.631438538887764
NIFTY 50,2023-06-14,18744.6,18769.7,18690.0,18755.9,79.70000000000073,0.2123834228727528,18504.057500000003,18148.182,0.4245393960122323,53.9577262466653
NIFTY 50,2023-06-15,18774.45,18794.1,18669.05,18688.1,125.04999999999927,-0.3614862523259488,18531.965,18174.749,0.42905100425347953,53.401190231889984
NIFTY 50,2023-06-16,18723.3,18864.7,18710.5,18826.0,154.20000000000073,0.7379027295444818,18563.094999999998,18203.308,0.44549696616642376,54.53314180176483
NIFTY 50,2023-06-19,18873.3,18881.45,18719.15,18755.45,162.29999999999927,-0.37474768936576197,18585.1475,18227.276,0.4486388874499574,53.95403242355839
NIFTY 50,2023-06-20,18752.35,18839.7,18660.65,18816.7,179.04999999999927,0.32657174314665305,18608.5825,18251.627,0.45084003442247916,54.45680279088858
NIFTY 50,2023-06-21,18849.4,18875.9,18794.85,18856.85,81.05000000000291,0.21337428985952478,18637.155,18276.283,0.4373716585227256,54.78637389698338
NIFTY 50,2023-06-22,18853.6,18886.6,18759.5,18771.25,127.09999999999854,-0.4539464438652163,18659.66,18297.262000000002,0.4578284215881436,54.08372665709009
NIFTY 50,2023-06-23,18741.85,18756.4,18647.1,18665.5,109.30000000000291,-0.5633615236065759,18667.9675,18314.324,0.4360090640267204,53.21567822696491
NIFTY 50,2023-06-26,18682.35,18722.05,18646.7,18691.2,75.34999999999854,0.1376871768771215,18672.595,18331.588,0.421229552285608,53.426636568848764
NIFTY 50,2023-06-27,18748.55,18829.25,18714.25,18817.4,115.0,0.6751840438281143,18681.7725,18353.799000000003,0.4445315679851772,54.462548737943784
NIFTY 50,2023-06-28,18908.15,19011.25,18861.35,18972.1,149.90000000000146,0.8221114500408966,18703.6575,18380.038,0.4541154190504493,55.73240303714344
NIFTY 50,2023-06-30,19076.85,19201.7,19024.6,19189.05,177.10000000000218,1.1435212759789426,18738.7225,18411.444000000003,0.49929303765211686,57.51323619946645
NIFTY 50,2023-07-03,19246.5,19345.1,19234.4,19322.55,110.69999999999709,0.6957092716940227,18778.144999999997,18445.406,0.5120108118349493,58.60907038785142
NIFTY 50,2023-07-04,19406.6,19434.15,19300.0,19389.0,134.15000000000146,0.3438987090213397,18817.9025,18480.705,0.5122824724959966,59.15452493330597
NIFTY 50,2023-07-05,19405.95,19421.6,19339.6,19398.5,82.0,0.04899685388621844,18857.8775,18513.807,0.5119037041532025,59.23250564334086
NIFTY 50,2023-07-06,19385.7,19512.2,19373.0,19497.3,139.20000000000073,0.5093177307523788,18896.4225,18548.368000000002,0.5048173562609507,60.04350502770366
NIFTY 50,2023-07-07,19422.8,19523.6,19303.6,19331.8,220.0,-0.8488354797843822,18931.285,18578.732,0.5361202689445409,58.68499897393802
NIFTY 50,2023-07-10,19400.35,19435.85,19327.1,19355.9,108.75,0.12466505964268126,18970.909999999996,18607.549,0.5196355195766422,58.88282372255284
NIFTY 50,2023-07-11,19427.1,19515.1,19406.45,19439.4,108.64999999999782,0.43139301194985435,19012.805,18635.037,0.5219698078510332,59.56823312128054
NIFTY 50,2023-07-12,19497.45,19507.7,19361.75,19384.3,145.95000000000073,-0.283444962293089,19046.2125,18659.77,0.5249452022083545,59.115945003078174
NIFTY 50,2023-07-13,19495.2,19567.0,19385.8,19413.75,181.20000000000073,0.15192707500399916,19079.105,18686.248,0.5249038499597186,59.35768520418634
NIFTY 50,2023-07-14,19493.45,19595.35,19433.5,19564.5,161.84999999999854,0.7765114931427508,19122.925,18712.422000000002,0.5255015127768908,60.59511594500309
NIFTY 50,2023-07-17,19612.15,19731.85,19562.95,19711.45,168.89999999999782,0.7511053183061112,19167.197500000002,18745.271,0.5261800149409748,61.801354401805874
NIFTY 50,2023-07-18,19787.5,19819.45,19690.2,19749.25,129.25,0.19176671427012515,19216.8875,18774.968,0.5067217697484161,62.11163554278678
NIFTY 50,2023-07-19,19802.95,19851.7,19727.45,19833.15,124.25,0.4248262592250418,19267.71,18806.311999999998,0.5078791163338976,62.80032833983174
NIFTY 50,2023-07-20,19831.7,19991.85,19758.4,19979.15,233.4499999999971,0.7361412584486082,19323.825,18839.593,0.5184452600486745,63.99876872563104
NIFTY 50,2023-07-21,19800.45,19887.4,19700.0,19745.0,187.40000000000146,-1.1719717805812602,19372.5125,18868.553,0.5923255228330414,62.076749435665924
NIFTY 50,2023-07-24,19748.45,19782.75,19658.3,19672.35,124.45000000000073,-0.3679412509496105,19422.855000000003,18895.704,0.5795927542516582,61.480402216293854
NIFTY 50,2023-07-25,19729.35,19729.35,19615.95,19680.6,113.39999999999782,0.04193703345050093,19472.325,18921.339,0.5810900117207769,61.5481223065873
NIFTY 50,2023-07-26,19733.35,19825.6,19716.7,19778.3,108.89999999999782,0.49642795443227694,19520.37,18951.175,0.5757152198207641,62.350092345577664
NIFTY 50,2023-07-27,19850.9,19867.55,19603.55,19659.9,264.0,-0.5986358787155477,19554.760000000002,18980.737999999998,0.5890234452656294,61.3782064436692
NIFTY 50,2023-07-28,19659.75,19695.9,19563.1,19646.05,132.8000000000029,-0.07044796769059003,19577.61,19011.06,0.5454289843118707,61.26451877693413
NIFTY 50,2023-07-31,19666.35,19772.75,19597.6,19753.8,175.15000000000146,0.548456305465983,19599.1725,19042.068,0.5381824676455496,62.148984198645586
NIFTY 50,2023-08-01,19784.0,19795.6,19704.6,19733.55,91.0,-0.10251192175683155,19616.4,19070.450999999997,0.5373064811814988,61.98276215883438
NIFTY 50,2023-08-02,19655.4,19678.25,19423.55,19526.55,254.70000000000073,-1.0489749690248296,19622.8025,19094.022,0.5946887579999934,60.283603529653185
NIFTY 50,2023-08-03,19463.75,19537.65,19296.45,19381.65,241.20000000000073,-0.7420665708996133,19617.019999999997,19115.947,0.6077984170363973,59.09419248922636
NIFTY 50,2023-08-04,19462.8,19538.85,19436.45,19517.0,102.39999999999782,0.6983409565233023,19626.28,19139.864,0.5961729441227537,60.205212394828656
NIFTY 50,2023-08-07,19576.85,19620.45,19524.8,19597.3,95.65000000000146,0.4114361838397196,19638.35,19161.823,0.6015037796034407,60.86435460701827
NIFTY 50,2023-08-08,19627.2,19634.4,19533.1,19570.85,101.30000000000291,-0.13496757206350463,19644.9225,19181.267,0.5965945952871483,60.64723989328955
NIFTY 50,2023-08-09,19578.8,19645.5,19467.5,19632.55,178.0,0.3152647943242215,19657.335,19201.241,0.5947720396595249,61.153704083726645
NIFTY 50,2023-08-10,19605.55,19623.6,19495.4,19543.1,128.1999999999971,-0.45562089489139534,19663.802499999998,19221.415,0.6055340523490294,60.41945413502974
NIFTY 50,2023-08-11,19554.25,19557.75,19412.75,19428.3,145.0,-0.5874196007798149,19656.9925,19240.226000000002,0.5943233058578855,59.477118817976596
NIFTY 50,2023-08-14,19383.95,19465.85,19257.9,19434.55,207.9499999999971,0.03216956707483565,19643.1475,19258.235,0.5654256453911901,59.52842191668377
NIFTY 50,2023-08-16,19369.0,19482.75,19317.2,19465.0,165.54999999999927,0.15667972759854099,19628.935,19275.658,0.5646272292122366,59.77837061358506
NIFTY 50,2023-08-17,19450.55,19461.55,19326.25,19365.25,135.29999999999927,-0.5124582584125403,19605.54,19290.982999999997,0.5601924472682107,58.95957315821876
NIFTY 50,2023-08-18,19301.75,19373.8,19253.6,19310.15,120.20000000000073,-0.28453027975366973,19572.09,19302.658,0.5235995934140311,58.507285040016434
NIFTY 50,2023-08-21,19320.65,19425.95,19296.3,19393.6,129.65000000000146,0.43215614586109563,19554.52,19317.839,0.4831498269312717,59.19228401395442
NIFTY 50,2023-08-22,19417.1,19443.5,19381.3,19396.45,62.20000000000073,0.014695569672484865,19540.725,19334.5,0.4790663219973938,59.21567822696492
NIFTY 50,2023-08-23,19439.2,19472.05,19366.6,19444.0,105.45000000000073,0.24514795233148146,19528.895,19351.35,0.48368694094978465,59.60599220192899
NIFTY 50,2023-08-24,19535.15,19584.45,19369.0,19386.7,215.45000000000073,-0.29469245011314316,19509.315,19364.761,0.4679362649787183,59.13564539298175
NIFTY 50,2023-08-25,19297.4,19339.55,19229.7,19265.8,109.84999999999854,-0.6236234119267436,19489.61,19374.959000000003,0.46937192958365415,58.143238251590404
NIFTY 50,2023-08-28,19298.35,19366.85,19249.7,19306.05,117.14999999999782,0.20891943236200916,19472.61,19387.318,0.4744319940719982,58.473630207264506
NIFTY 50,2023-08-29,19374.85,19377.9,19309.1,19342.65,68.80000000000291,0.18957787843707496,19452.052499999998,19397.650999999998,0.45557760499780603,58.774061153293665
NIFTY 50,2023-08-30,19433.45,19452.8,19334.75,19347.45,118.04999999999927,0.024815627641494586,19432.7475,19409.491,0.4564900594907289,58.813461933100776
NIFTY 50,2023-08-31,19375.55,19388.2,19223.65,19253.8,164.54999999999927,-0.4840431167931758,19419.109999999997,19418.233,0.40960345573629553,58.04473630207263
NIFTY 50,2023-09-01,19258.15,19458.55,19255.7,19435.3,202.84999999999854,0.9426710571419639,19421.792500000003,19429.802,0.4363719455328787,59.534578288528614
NIFTY 50,2023-09-04,19525.05,19545.15,19432.85,19528.8,112.30000000000291,0.4810833895026123,19422.3825,19444.952999999998,0.42088808179360965,60.302072645187764
NIFTY 50,2023-09-05,19564.65,19587.05,19525.75,19574.9,61.29999999999927,0.23606161156857208,19421.2625,19463.141,0.41371559542472086,60.680484301251816
NIFTY 50,2023-09-06,19581.2,19636.45,19491.5,19611.05,144.95000000000073,0.18467527292602703,19423.2725,19481.538,0.4145998403031764,60.97722142417401
NIFTY 50,2023-09-07,19598.65,19737.0,19550.05,19727.05,186.95000000000073,0.591503259641879,19427.9975,19499.731,0.4295969251609414,61.92940693617894
NIFTY 50,2023-09-08,19774.8,19867.15,19728.05,19819.95,139.10000000000218,0.4709269759036516,19441.840000000004,19516.688000000002,0.4249862834028275,62.6919761953622
NIFTY 50,2023-09-11,19890.0,20008.15,19865.35,19996.35,142.8000000000029,0.8900123360553236,19470.2425,19532.834,0.43280847525108024,64.13995485327312
NIFTY 50,2023-09-12,20110.15,20110.35,19914.65,19993.2,195.6999999999971,-0.015752874899654934,19498.175,19546.247,0.4335984486719194,64.11409809152472
NIFTY 50,2023-09-13,19989.5,20096.9,19944.1,20070.0,152.8000000000029,0.38413060440549707,19528.425,19559.867,0.4369544869224523,64.74451056843833
NIFTY 50,2023-09-14,20127.95,20167.65,20043.45,20103.1,124.20000000000073,0.16492277030393243,19565.317499999997,19573.959000000003,0.4078557027015514,65.01621177919145
NIFTY 50,2023-09-15,20156.45,20222.45,20129.7,20192.35,92.75,0.4439613790907959,19609.4275,19587.86,0.3957919010316277,65.74882002872972
NIFTY 50,2023-09-18,20155.95,20195.35,20115.7,20133.3,79.64999999999782,-0.29243748251194246,19646.4125,19603.89,0.4087219030820317,65.26410835214446
NIFTY 50,2023-09-20,19980.75,20050.65,19878.85,19901.4,171.8000000000029,-1.1518230990448575,19671.659999999996,19614.8,0.506347584209198,63.360558177713955
NIFTY 50,2023-09-21,19840.55,19848.75,19709.95,19742.35,138.79999999999927,-0.7991900067332081,19686.5775,19620.859,0.5461134793520805,62.054996921814066
NIFTY 50,2023-09-22,19744.85,19798.65,19657.5,19674.25,141.15000000000146,-0.34494373770092013,19700.955,19626.658,0.5480286433514677,61.49599835830084
NIFTY 50,2023-09-25,19678.2,19734.15,19601.55,19674.55,132.60000000000218,0.001524835762478638,19721.392499999998,19631.874,0.5233528236877841,61.49846090703879
NIFTY 50,2023-09-26,19682.8,19699.35,19637.45,19664.7,61.89999999999782,-0.05006467746402343,19739.325,19633.877999999997,0.5238845969527005,61.41760722347631
NIFTY 50,2023-09-27,19637.05,19730.7,19554.0,19716.45,176.70000000000073,0.26316190941126916,19758.015000000003,19633.978,0.5248532323022247,61.8423968807716
NIFTY 50,2023-09-28,19761.8,19766.65,19492.1,19523.55,274.5500000000029,-0.978370852765087,19766.82,19629.464,0.5774244133663907,60.25897804227374
NIFTY 50,2023-09-29,19581.2,19726.25,19551.05,19638.3,175.20000000000073,0.5877517152362177,19786.045000000002,19625.567,0.5752867414288689,61.20090293453724
NIFTY 50,2023-10-03,19622.4,19623.2,19479.65,19528.75,143.54999999999927,-0.5578385094432758,19790.7175,19616.558999999997,0.5572344099907717,60.30166222039812
NIFTY 50,2023-10-04,19446.3,19457.8,19333.6,19436.1,124.20000000000073,-0.47442872687705195,19786.082499999997,19610.380999999998,0.5570764155245893,59.54114508516313
NIFTY 50,2023-10-05,19521.85,19576.95,19487.3,19545.75,89.65000000000146,0.5641563893991064,19784.625,19607.849,0.5697715939659282,60.4412066488816
NIFTY 50,2023-10-06,19621.2,19675.75,19589.4,19653.5,86.34999999999854,0.5512707366051472,19786.747499999998,19607.307,0.5819910874430577,61.32567207059307
NIFTY 50,2023-10-09,19539.45,19588.95,19480.5,19512.35,108.45000000000073,-0.7181926883252476,19776.0125,19601.987999999998,0.5870649901184833,60.1670428893905
NIFTY 50,2023-10-10,19565.6,19717.8,19565.45,19689.85,152.34999999999854,0.9096802794127834,19769.5075,19602.587000000003,0.6151997121493328,61.62405089267391
NIFTY 50,2023-10-11,19767.0,19839.2,19756.95,19811.35,82.25,0.6170692006287615,19760.2575,19605.893,0.5964315238347985,62.62138313154113
NIFTY 50,2023-10-12,19822.7,19843.3,19772.65,19794.0,70.64999999999782,-0.08757606119723649,19750.297499999997,19606.697,0.5964638355158374,62.47896572953007
NIFTY 50,2023-10-13,19654.55,19805.4,19635.3,19751.05,170.10000000000218,-0.21698494493280762,19734.35,19607.047,0.5886170287042571,62.12641083521444
NIFTY 50,2023-10-16,19737.25,19781.3,19691.85,19731.75,89.45000000000073,-0.09771632394226515,19715.7825,19611.150999999998,0.5858255117726547,61.96798686640672
NIFTY 50,2023-10-17,19843.2,19849.75,19775.65,19811.5,74.09999999999854,0.4041709427698992,19696.74,19619.748,0.5839757909454448,62.62261440591013
NIFTY 50,2023-10-18,19820.45,19840.95,19659.95,19671.1,181.0,-0.7086793024253635,19673.629999999997,19622.829999999998,0.5986696145634348,61.470141596552416
NIFTY 50,2023-10-19,19545.2,19681.8,19512.35,19624.7,169.45000000000073,-0.2358790306591807,19659.795000000002,19623.378,0.5480191188247898,61.08926739175047
NIFTY 50,2023-10-20,19542.15,19593.8,19518.7,19542.65,75.09999999999854,-0.41809556324428065,19649.809999999998,19622.814000000002,0.5275196566558293,60.41576031192286
NIFTY 50,2023-10-23,19521.6,19556.85,19257.85,19281.75,299.0,-1.3350287704072983,19630.184999999998,19615.798,0.5983990974773907,58.27416375949108
NIFTY 50,2023-10-25,19286.45,19347.3,19074.15,19122.15,273.1499999999978,-0.8277256991714887,19602.565,19607.379,0.6194265360798328,56.96408783090501
NIFTY 50,2023-10-26,19027.25,19041.7,18837.85,18857.25,203.85000000000218,-1.3853044767455636,19562.192499999997,19595.958,0.6783262143885308,54.78965729530063
NIFTY 50,2023-10-27,18928.75,19076.15,18926.65,19047.25,149.5,1.0075700327460302,19528.732500000002,19588.212000000003,0.7243568113765888,56.34927149599835
NIFTY 50,2023-10-30,19053.4,19158.5,18940.0,19140.9,218.5,0.49167202614550654,19509.6,19581.73,0.7125004317098625,57.11799712702648
NIFTY 50,2023-10-31,19232.95,19233.7,19056.45,19079.6,177.25,-0.32025662325179116,19481.665,19576.017000000003,0.6953270045262873,56.614816334906614
NIFTY 50,2023-11-01,19064.05,19096.05,18973.7,18989.15,122.34999999999854,-0.4740665422755086,19454.685,19569.596999999998,0.6929377994174946,55.8723578904166
NIFTY 50,2023-11-02,19120.0,19175.25,19064.15,19133.25,111.09999999999854,0.7588543984327734,19439.542500000003,19564.39,0.7158914148807217,57.05520213420891
NIFTY 50,2023-11-03,19241.0,19276.25,19210.9,19230.6,65.34999999999854,0.5088001254360819,19423.785,19561.072999999997,0.7133885679655085,57.854299199671644
NIFTY 50,2023-11-06,19345.85,19423.0,19309.7,19411.75,113.29999999999927,0.9419882894969644,19411.697500000002,19560.428,0.7365261513497905,59.34126821260004
NIFTY 50,2023-11-07,19404.05,19423.5,19329.1,19406.7,94.40000000000146,-0.02601517122361452,19406.415,19560.828,0.7200123085741631,59.29981530884465
NIFTY 50,2023-11-08,19449.6,19464.4,19401.5,19443.5,62.900000000001455,0.18962523252279428,19394.0975,19564.381999999998,0.6881292692154073,59.60188795403243
NIFTY 50,2023-11-09,19457.4,19463.9,19378.35,19395.3,85.55000000000291,-0.24789775503382128,19373.295000000002,19566.167,0.6702401741293219,59.206238456802794
NIFTY 50,2023-11-10,19351.85,19451.3,19329.45,19425.35,121.84999999999854,0.1549344428804833,19354.8625,19567.821,0.6727405608490725,59.452903755386814
NIFTY 50,2023-11-12,19547.25,19547.25,19510.25,19525.55,37.0,0.5158208217612481,19343.5875,19571.382999999998,0.6854004401505964,60.275395033860036
NIFTY 50,2023-11-13,19486.75,19494.4,19414.75,19443.55,79.65000000000146,-0.41996256187405434,19329.177499999998,19575.178,0.6902241553362554,59.60229837882207
NIFTY 50,2023-11-15,19651.4,19693.2,19579.65,19675.45,113.54999999999927,1.1926834348665816,19322.375,19579.981,0.7395671149888101,61.505848553252626
NIFTY 50,2023-11-16,19674.7,19875.25,19627.0,19765.2,248.25,0.45615220998758144,19327.079999999998,19584.709000000003,0.7292545984500216,62.24256105068746
NIFTY 50,2023-11-17,19674.75,19806.0,19667.45,19731.8,138.54999999999927,-0.16898387064133713,19332.435,19587.846999999998,0.7281409209414295,61.96839729119639
NIFTY 50,2023-11-20,19731.15,19756.45,19670.5,19694.0,85.95000000000073,-0.1915689394784037,19340.002500000002,19589.505999999998,0.7225485184802434,61.65811615021548
NIFTY 50,2023-11-21,19770.9,19829.1,19754.05,19783.4,75.04999999999927,0.4539453640702851,19365.085,19590.633,0.6503548528498059,62.39195567412273
NIFTY 50,2023-11-22,19784.0,19825.55,19703.85,19811.85,121.70000000000073,0.14380743451578581,19399.57,19590.470999999998,0.6100486737876593,62.625487379437715
NIFTY 50,2023-11-23,19828.45,19875.15,19786.75,19802.0,88.40000000000146,-0.04971771944567438,19446.807500000003,19586.584,0.4913387662869594,62.54463369587524
NIFTY 50,2023-11-24,19809.6,19832.85,19768.85,19794.7,64.0,-0.036864963135030404,19484.18,19582.614,0.46066714624722255,62.48471167658527
NIFTY 50,2023-11-28,19844.65,19916.85,19800.0,19889.7,116.84999999999854,0.47992644495749026,19521.62,19579.008,0.460274534254304,63.26451877693413
NIFTY 50,2023-11-29,19976.55,20104.65,19956.3,20096.6,148.35000000000218,1.04023690653956,19572.47,19578.877999999997,0.4805078104663996,64.962856556536
NIFTY 50,2023-11-30,20108.5,20158.7,20015.85,20133.15,142.85000000000218,0.18187156036346686,19629.67,19577.694,0.44904470298105725,65.26287707777551
NIFTY 50,2023-12-01,20194.1,20291.55,20183.7,20267.9,107.84999999999854,0.6692941740363612,19686.4025,19580.386000000002,0.44458825652785117,66.36897188590191
NIFTY 50,2023-12-04,20601.95,20702.65,20507.75,20686.8,194.90000000000146,2.0668150129021567,19759.2125,19596.093999999997,0.5958276453234951,69.80751077365073
NIFTY 50,2023-12-05,20808.9,20864.05,20711.15,20855.1,152.89999999999782,0.813562271593482,19831.379999999997,19618.349000000002,0.5899714961386936,71.18900061563718
NIFTY 50,2023-12-06,20950.75,20961.95,20852.15,20937.7,109.79999999999927,0.3960661900446416,19907.93,19643.618000000002,0.5829101584783241,71.86702236815104
NIFTY 50,2023-12-07,20932.4,20941.25,20850.8,20901.15,90.45000000000073,-0.1745654966877841,19980.8125,19668.15,0.5948027934660056,71.56700184691157
NIFTY 50,2023-12-08,20934.1,21006.1,20862.7,20969.4,143.39999999999782,0.32653705657343934,20059.517499999998,19694.244000000002,0.5773240483610365,72.12723168479378
NIFTY 50,2023-12-11,20965.3,21026.1,20923.7,20997.1,102.39999999999782,0.13209724646388032,20138.105000000003,19719.857,0.5778409988638982,72.35460701826388
NIFTY 50,2023-12-12,21018.55,21037.9,20867.15,20906.4,170.75,-0.43196441413336784,20207.1475,19747.514000000003,0.6053079875843713,71.61009644982559
NIFTY 50,2023-12-13,20929.75,20950.0,20769.5,20926.35,180.5,0.09542532430260042,20281.2875,19773.275,0.5815794910178532,71.77385594089883
NIFTY 50,2023-12-14,21110.4,21210.9,21074.45,21182.7,136.45000000000073,1.2250105727946048,20356.65,19806.354,0.5840268167653928,73.8781038374718
NIFTY 50,2023-12-15,21287.45,21492.3,21235.3,21456.65,257.0,1.2932723401643864,20441.2225,19846.765,0.6193529355701171,76.12682126000412
NIFTY 50,2023-12-18,21434.8,21482.8,21365.35,21418.65,117.45000000000073,-0.17710127163373945,20525.565,19884.223,0.6197570627188743,75.81489841986458
NIFTY 50,2023-12-19,21477.65,21505.05,21337.75,21453.1,167.29999999999927,0.16084113611267714,20613.519999999997,19920.215,0.6065383370188421,76.09768109993841
NIFTY 50,2023-12-20,21543.5,21593.0,21087.35,21150.15,505.65000000000146,-1.4121502253753415,20681.857500000002,19952.971,0.7330649445682424,73.6109172994049
NIFTY 50,2023-12-21,21033.95,21288.35,20976.8,21255.05,311.5499999999993,0.49597756989903097,20754.017499999998,19984.275,0.7324064463421385,74.47198850810588
NIFTY 50,2023-12-22,21295.85,21390.5,21232.45,21349.4,158.04999999999927,0.4438945097753333,20831.3875,20015.036,0.7263519534547236,75.24646008618923
NIFTY 50,2023-12-26,21365.2,21477.15,21329.45,21441.35,147.70000000000073,0.4306912606443225,20913.72,20047.983,0.7197430598283158,76.00123127436895
NIFTY 50,2023-12-27,21497.65,21675.75,21495.8,21654.75,179.95000000000073,0.9952731521102987,21001.9725,20086.057,0.7317744008352346,77.7529242766263
NIFTY 50,2023-12-28,21715.0,21801.45,21678.0,21778.7,123.45000000000073,0.5723917385331179,21086.0775,20126.996,0.7185501224356725,78.77036733018674
NIFTY 50,2023-12-29,21737.65,21770.3,21676.9,21731.4,93.39999999999782,-0.21718468044464867,21165.99,20165.394,0.7305176879238282,78.38210547917095
NIFTY 50,2024-01-01,21727.75,21834.35,21680.85,21741.9,153.5,0.04831718158977427,21239.69,20206.81,0.7310042501245761,78.46829468499898
NIFTY 50,2024-01-02,21751.35,21755.6,21555.65,21665.8,199.9499999999971,-0.3500154080370299,21288.64,20247.631999999998,0.6250726683288437,77.84362815514056
NIFTY 50,2024-01-03,21661.1,21677.0,21500.35,21517.35,176.65000000000146,-0.685181253403988,21321.752500000002,20287.126,0.6414723703025508,76.62507695464804
NIFTY 50,2024-01-04,21605.8,21685.65,21564.55,21658.6,121.10000000000218,0.6564470067178307,21357.7975,20334.663,0.6491465854297864,77.7845269854299
NIFTY 50,2024-01-05,21705.75,21749.6,21629.2,21710.8,120.39999999999782,0.2410128078453866,21398.28,20386.435999999998,0.6441212902803592,78.21301046583213
NIFTY 50,2024-01-08,21747.6,21763.95,21492.9,21513.0,271.0499999999993,-0.911067302909152,21425.46,20439.551,0.688456359780153,76.58936999794787
NIFTY 50,2024-01-09,21653.6,21724.45,21517.85,21544.85,206.60000000000218,0.14805001626922998,21452.8475,20489.503,0.6884677936826507,76.85081058895955
NIFTY 50,2024-01-10,21529.3,21641.85,21448.65,21618.7,193.1999999999971,0.3427733309816494,21488.4625,20539.059,0.676816384002941,77.4570080032834
NIFTY 50,2024-01-11,21688.0,21726.5,21593.75,21647.2,132.75,0.13183031357111297,21524.504999999997,20590.411,0.6766546700080347,77.69095013338807
NIFTY 50,2024-01-12,21773.55,21928.25,21715.15,21894.55,213.09999999999854,1.142642004508665,21560.097499999996,20648.519,0.6701251939534455,79.7213215678227
NIFTY 50,2024-01-15,22053.15,22115.55,21963.55,22097.45,152.0,0.9267146390311787,21592.1375,20707.803,0.6421444006819529,81.38682536425202
NIFTY 50,2024-01-16,22080.5,22124.15,21969.8,22032.3,154.35000000000218,-0.2948303989826928,21622.82,20763.837000000003,0.6458221404967608,80.85204186332855
NIFTY 50,2024-01-17,21647.25,21851.5,21550.45,21571.95,301.0499999999993,-2.089432333437724,21628.7625,20807.041,0.8161634939807637,77.07326082495382
NIFTY 50,2024-01-18,21414.2,21539.4,21285.55,21462.25,253.85000000000218,-0.5085307540579342,21644.3675,20848.152,0.75478355635143,76.17278883644572
NIFTY 50,2024-01-19,21615.2,21670.6,21575.0,21622.4,95.59999999999854,0.7461938985893868,21662.735,20891.73,0.7641273000743578,77.48737943771803
NIFTY 50,2024-01-20,21706.15,21720.3,21541.8,21571.8,178.5,-0.23401657540329523,21673.855,20935.26,0.7625667494245647,77.07202955058486
NIFTY 50,2024-01-23,21716.7,21750.25,21192.6,21238.8,557.6500000000015,-1.5436820293160514,21663.7275,20971.529,0.8356158063599207,74.33860045146726
NIFTY 50,2024-01-24,21185.25,21482.35,21137.2,21453.95,345.1499999999978,1.0130045011959243,21653.6875,21010.097,0.8367851991389987,76.10465832136262
NIFTY 50,2024-01-25,21454.6,21459.0,21247.05,21352.6,211.95000000000073,-0.472407179097567,21632.3825,21048.278,0.828905633711103,75.27272727272727
NIFTY 50,2024-01-29,21433.1,21763.25,21429.6,21737.6,333.65000000000146,1.803059112239258,21632.6925,21089.521,0.9301988436638822,78.43299815308843
NIFTY 50,2024-01-30,21775.75,21813.05,21501.8,21522.1,311.25,-0.9913697924333831,21621.7025,21124.659,0.9563661533075507,76.66406730966548
NIFTY 50,2024-01-31,21487.25,21741.35,21448.85,21725.7,292.5,0.946004339725226,21624.697500000002,21164.537,0.9783684927297844,78.33531705315002
NIFTY 50,2024-02-01,21780.65,21832.95,21658.75,21697.45,174.20000000000073,-0.13003033273956133,21633.7025,21204.606,0.9651433549206427,78.10342704699364
NIFTY 50,2024-02-02,21812.75,22126.8,21805.55,21853.8,321.25,0.7205915902559923,21643.4625,21246.014,0.9673822404252905,79.38682536425199
NIFTY 50,2024-02-05,21921.05,21964.3,21726.95,21771.7,237.34999999999854,-0.3756783717248191,21646.5075,21285.211,0.9707731167603761,78.71290785963471
NIFTY 50,2024-02-06,21825.2,21951.4,21737.55,21929.4,213.85000000000218,0.7243348016002349,21667.3275,21327.759,0.957134387757504,80.00738764621384
NIFTY 50,2024-02-07,22045.05,22053.3,21860.15,21930.5,193.14999999999782,0.005016097111631979,21686.609999999997,21370.475,0.957292876205638,80.01641699158628
NIFTY 50,2024-02-08,22009.65,22011.05,21665.3,21717.95,345.75,-0.9691981486970147,21691.572500000002,21407.04,0.9838668343757215,78.27170121075314
NIFTY 50,2024-02-09,21727.0,21804.45,21629.9,21782.5,174.54999999999927,0.2972195810378109,21698.3375,21440.757999999998,0.9854835202044134,78.8015596142007
NIFTY 50,2024-02-12,21800.8,21831.7,21574.75,21616.05,256.9500000000007,-0.7641455296683142,21684.4125,21470.416,0.9647831474591781,77.43525548943155
NIFTY 50,2024-02-13,21664.3,21766.8,21543.35,21743.25,223.45000000000073,0.5884516366311265,21666.7025,21499.923000000003,0.9494259987354688,78.47937615431972
NIFTY 50,2024-02-14,21578.15,21870.85,21530.2,21840.05,340.6499999999978,0.44519563542708696,21657.090000000004,21522.988,0.9548728230269488,79.27395854709624
NIFTY 50,2024-02-15,21906.55,21953.85,21794.8,21910.75,159.04999999999927,0.32371720760713263,21674.030000000002,21544.101000000002,0.8259686399554024,79.85429919967166
NIFTY 50,2024-02-16,22020.3,22068.65,21968.95,22040.7,99.70000000000073,0.5930878678274354,21702.9525,21566.161,0.8212909643773875,80.92099322799098
NIFTY 50,2024-02-19,22103.45,22186.65,22021.05,22122.25,165.60000000000218,0.3699973231340081,21727.945,21590.583000000002,0.810828078246222,81.59039605992203
NIFTY 50,2024-02-20,22099.2,22215.6,22045.85,22196.95,169.75,0.33766908881329716,21759.2025,21615.134,0.8078567835243303,82.20357069567001
NIFTY 50,2024-02-21,22248.85,22249.4,21997.95,22055.05,251.45000000000073,-0.6392770177884866,21800.015,21636.293,0.729840665722024,81.03878514262261
NIFTY 50,2024-02-22,22081.55,22252.5,21875.25,22217.45,377.25,0.7363392964423232,21838.19,21662.514,0.7159352350607305,82.37184485942952
NIFTY 50,2024-02-23,22290.0,22297.5,22186.1,22212.7,111.40000000000146,-0.02137959126722322,21881.195,21688.241,0.7013433945052437,82.33285450441208
NIFTY 50,2024-02-26,22169.2,22202.15,22075.15,22122.05,127.0,-0.4080998707946426,21900.4175,21707.028,0.60267853567869,81.58875436076339
NIFTY 50,2024-02-27,22090.2,22218.25,22085.65,22198.35,132.59999999999854,0.3449047443613962,21934.230000000003,21721.862,0.5481588900337129,82.21506258978042
NIFTY 50,2024-02-28,22214.1,22229.15,21915.85,21951.15,313.3000000000029,-1.1135962808046407,21945.5025,21732.512000000002,0.5842551503005884,80.18592242971476
NIFTY 50,2024-02-29,21935.2,22060.55,21860.65,21982.8,199.89999999999782,0.14418378991531977,21959.769999999997,21743.106,0.5829436125954837,80.44572132156782
NIFTY 50,2024-03-01,22048.3,22353.3,22047.75,22338.75,305.5499999999993,1.6192204814673428,21984.017499999998,21766.878000000004,0.6648518425418554,83.3675353991381
NIFTY 50,2024-03-02,22406.95,22419.55,22367.05,22378.4,52.5,0.17749426445079486,22014.3525,21789.345,0.6549328402638491,83.69300225733636
NIFTY 50,2024-03-04,22403.5,22440.9,22358.3,22405.6,82.60000000000218,0.12154577628427088,22038.1625,21810.468999999997,0.6403122099359285,83.9162733429099
NIFTY 50,2024-03-05,22371.25,22416.9,22269.15,22356.3,147.75,-0.22003427714499812,22059.452500000003,21828.768000000004,0.6442090684074324,83.51159450030781
NIFTY 50,2024-03-06,22327.5,22497.2,22224.35,22474.05,272.8500000000022,0.5266971726090697,22097.2575,21845.154,0.5990164019133066,84.47814487995073
NIFTY 50,2024-03-07,22505.3,22525.65,22430.0,22493.55,95.65000000000146,0.0867667376374115,22132.81,21859.451,0.5985669938923721,84.6382105479171
NIFTY 50,2024-03-11,22517.5,22526.6,22307.25,22332.65,219.34999999999854,-0.7153161684127163,22168.640000000003,21871.476000000002,0.5946756174569868,83.31746357479992
NIFTY 50,2024-03-12,22334.45,22452.55,22256.0,22335.7,196.54999999999927,0.013657134285449679,22198.2625,21883.352000000003,0.586967086310433,83.34249948696902
NIFTY 50,2024-03-13,22432.2,22446.75,21905.65,21997.7,541.0999999999985,-1.5132724741109493,22206.144999999997,21889.99,0.6874567116945901,80.56802790888571
NIFTY 50,2024-03-14,21982.55,22204.6,21917.5,22146.65,287.09999999999854,0.6771162439709544,22217.94,21902.575999999997,0.6996155500570839,81.7906833572748
NIFTY 50,2024-03-15,22064.85,22120.9,21931.7,22023.35,189.20000000000073,-0.5567433449302883,22217.072500000002,21909.871,0.7003907895746617,80.77857582597987
NIFTY 50,2024-03-18,21990.1,22123.7,21916.55,22055.7,207.15000000000146,0.146889551317142,22213.745000000003,21916.769,0.6959231201435264,81.04412066488817
NIFTY 50,2024-03-19,21946.45,21978.3,21793.1,21817.45,185.20000000000073,-1.080219625765677,22194.77,21922.857999999997,0.7297445462767519,79.08844654217116
NIFTY 50,2024-03-20,21843.9,21930.9,21710.2,21839.1,220.70000000000073,0.09923249508994036,22183.9725,21928.743,0.7187518011029908,79.26616047609274
NIFTY 50,2024-03-21,21989.9,22080.95,21941.3,22011.95,139.65000000000146,0.7914703444739102,22173.697500000002,21936.607999999997,0.7220114184799141,80.68499897393804
NIFTY 50,2024-03-22,21932.2,22180.7,21883.3,22096.75,297.40000000000146,0.38524528721899376,22167.9,21945.599,0.7283781875303867,81.38107941719679
NIFTY 50,2024-03-26,21947.9,22073.2,21947.55,22004.7,125.65000000000146,-0.41657709844207247,22162.0325,21947.801999999996,0.7286161153012952,80.62548737943773
NIFTY 50,2024-03-27,22053.95,22193.6,22052.85,22123.65,140.75,0.540566333556014,22158.297499999997,21948.326,0.7351155946839164,81.60188795403242
NIFTY 50,2024-03-28,22163.6,22516.0,22163.6,22326.9,352.40000000000146,0.9187001240753778,22177.085,21954.217999999997,0.7153564799811378,83.27026472398936
NIFTY 50,2024-04-01,22455.0,22529.95,22427.75,22462.0,102.20000000000073,0.605099677966936,22201.045000000002,21972.019,0.7246484752259976,84.37923250564334
NIFTY 50,2024-04-02,22458.8,22497.6,22388.15,22453.3,109.44999999999709,-0.03873208084765878,22206.7725,21991.84,0.6318467979522926,84.30781859224297
NIFTY 50,2024-04-03,22385.7,22521.1,22346.5,22434.65,174.59999999999854,-0.08306128720498851,22209.585,22008.085,0.6312767938894558,84.15473014570081
NIFTY 50,2024-04-04,22592.1,22619.0,22303.8,22514.65,315.2000000000007,0.3565912550452133,22215.037500000002,22026.942000000003,0.6355488931631965,84.8114098091525
NIFTY 50,2024-04-05,22486.4,22537.6,22427.6,22513.7,110.0,-0.0042194748752555356,22222.907499999998,22052.44,0.6329749766395151,84.80361173814899
NIFTY 50,2024-04-08,22578.35,22697.3,22550.35,22666.3,146.95000000000073,0.6778095115418603,22232.52,22076.687,0.6399910571892888,86.05622819618304
NIFTY 50,2024-04-09,22765.1,22768.4,22612.25,22642.75,156.15000000000146,-0.10389873953843276,22239.980000000003,22102.49,0.6407487265686155,85.86291812025446
NIFTY 50,2024-04-10,22720.25,22775.7,22673.7,22753.8,102.0,0.4904439610913025,22261.0375,22122.814000000002,0.6229108638513191,86.77447157808331
NIFTY 50,2024-04-12,22677.4,22726.45,22503.75,22519.4,222.70000000000073,-1.0301576000492085,22270.2225,22142.76,0.6719125468492279,84.85040016416994
NIFTY 50,2024-04-15,22339.05,22427.45,22259.55,22272.5,167.90000000000146,-1.0963880032327733,22283.9625,22153.696,0.6259855025889242,82.82372255284218
NIFTY 50,2024-04-16,22125.3,22213.75,22079.45,22147.9,134.29999999999927,-0.5594342799416285,22284.025,22162.705,0.6232977709177672,81.80094397701623
NIFTY 50,2024-04-18,22212.35,22326.5,21961.7,21995.85,364.7999999999993,-0.6865210697176827,22282.65,22165.546000000002,0.6300610288466382,80.55284219166836
NIFTY 50,2024-04-19,21861.5,22179.55,21777.65,22147.0,401.8999999999978,0.6871750807538657,22287.215,22173.052000000003,0.6482083768881474,81.79355633080239
NIFTY 50,2024-04-22,22336.9,22375.65,22198.15,22336.4,177.5,0.8551948345148386,22313.1625,22181.192000000003,0.6186913938109627,83.34824543402424
NIFTY 50,2024-04-23,22447.05,22447.55,22349.45,22368.0,98.09999999999854,0.14147311115488836,22339.607500000002,22189.942000000003,0.6186909260401019,83.60763390108762
NIFTY 50,2024-04-24,22421.55,22476.45,22384.0,22402.4,92.45000000000073,0.15379113018598733,22359.13,22203.631,0.5984493657835473,83.89000615637185
NIFTY 50,2024-04-25,22316.9,22625.95,22305.25,22570.35,320.7000000000007,0.7496964610934409,22382.81,22219.388,0.6132884218765273,85.26862302483069
NIFTY 50,2024-04-26,22620.4,22620.4,22385.55,22419.95,234.85000000000218,-0.6663609558557937,22403.572500000002,22235.466,0.6269224785374083,84.03406525754156
NIFTY 50,2024-04-29,22475.55,22655.8,22441.9,22643.4,213.89999999999782,0.9966569952207793,22429.56,22253.468999999997,0.6517710625634398,85.86825364252002
NIFTY 50,2024-04-30,22679.65,22783.35,22568.4,22604.85,214.9499999999971,-0.17024828426828176,22443.4575,22268.765,0.6263680178542248,85.55181612969423
NIFTY 50,2024-05-02,22567.85,22710.5,22567.85,22648.2,142.65000000000146,0.1917730044658672,22452.7675,22283.514,0.6142683170378394,85.90765442232711
NIFTY 50,2024-05-03,22766.35,22794.7,22348.05,22475.85,446.65000000000146,-0.7609876281558847,22453.895,22292.217,0.6400219336130052,84.49292017237839
NIFTY 50,2024-05-06,22561.6,22588.8,22409.45,22442.7,179.34999999999854,-0.14749164102803025,22454.2975,22298.626,0.6406607679905316,84.22080853683562
NIFTY 50,2024-05-07,22489.75,22499.05,22232.05,22302.5,267.0,-0.6247020189192987,22443.69,22300.737,0.6497277282311988,83.06997742663657
NIFTY 50,2024-05-08,22231.2,22368.65,22185.2,22302.5,183.45000000000073,0.0,22433.13,22305.686,0.649742461246999,83.06997742663657
NIFTY 50,2024-05-09,22224.8,22307.75,21932.4,21957.5,375.34999999999854,-1.546911781190452,22397.69,22300.487,0.7073476064834122,80.23804637800123
NIFTY 50,2024-05-10,21990.95,22131.3,21950.3,22055.2,181.0,0.44495047250370234,22368.3125,22297.337000000003,0.7200225074070487,81.04001641699159
NIFTY 50,2024-05-13,22027.95,22131.65,21821.05,22104.05,310.6000000000022,0.22148971671078765,22335.825,22296.977000000003,0.7102921455205096,81.44100143648676
NIFTY 50,2024-05-14,22112.9,22270.05,22081.25,22217.85,188.79999999999927,0.5148377785971325,22320.7475,22297.367,0.6924452094159094,82.37512825774675
NIFTY 50,2024-05-15,22255.6,22297.55,22151.75,22200.55,145.79999999999927,-0.0778653200017021,22317.15,22302.355,0.6486774520274415,82.23312128052534
NIFTY 50,2024-05-16,22319.2,22432.25,22054.55,22403.85,377.7000000000007,0.9157430784372478,22329.947500000002,22310.776,0.6670238903137252,83.90190847527191
NIFTY 50,2024-05-17,22415.25,22502.15,22345.65,22466.1,156.5,0.2778540295529597,22353.46,22313.322999999997,0.6447342720111662,84.41288733839522
NIFTY 50,2024-05-18,22512.85,22520.25,22470.05,22502.0,50.20000000000073,0.15979631533733496,22371.21,22315.795,0.6304170988801113,84.70757233736919
NIFTY 50,2024-05-21,22404.55,22591.1,22404.55,22529.05,186.54999999999927,0.12021153675227936,22380.8425,22318.264,0.6037983796455606,84.92961214857377
NIFTY 50,2024-05-22,22576.6,22629.5,22483.15,22597.8,146.34999999999854,0.3051615580772271,22392.3325,22323.093999999997,0.6062836528795632,85.49394623435256
NIFTY 50,2024-05-23,22614.1,22993.6,22577.45,22967.65,416.1499999999978,1.6366637460283773,22420.594999999998,22332.966,0.7023378369227536,88.52985840344758
NIFTY 50,2024-05-24,22930.75,23026.4,22908.0,22957.1,118.40000000000146,-0.04593417262978017,22439.932500000003,22342.237,0.6875898216849882,88.44325877282986
NIFTY 50,2024-05-27,23038.95,23110.8,22871.2,22932.45,239.59999999999854,-0.1073741892486324,22465.5575,22354.232999999997,0.6663791243455025,88.24091935152885
NIFTY 50,2024-05-28,22977.15,22998.55,22858.5,22888.15,140.04999999999927,-0.19317604529824894,22477.795000000002,22365.281999999996,0.6359601524352785,87.87728298789249
NIFTY 50,2024-05-29,22762.75,22825.5,22685.45,22704.7,140.04999999999927,-0.8015064563977492,22482.7875,22379.422000000002,0.6628595820726583,86.37143443463987
NIFTY 50,2024-05-30,22617.45,22705.75,22417.0,22488.65,288.75,-0.9515650944518117,22474.809999999998,22386.262000000002,0.6961087917378351,84.5979889185307
NIFTY 50,2024-05-31,22568.1,22653.75,22465.1,22530.7,188.65000000000146,0.18698321153114428,22477.552499999998,22396.409,0.675914669057857,84.94315616663246
NIFTY 50,2024-06-03,23337.9,23338.7,23062.3,23263.9,276.40000000000146,3.2542264554585643,22518.6125,22420.573000000004,0.9886811670627232,90.96162528216705
NIFTY 50,2024-06-04,23179.5,23179.5,21281.45,21884.5,1898.0499999999993,-5.929358362097503,22497.7125,22421.914000000004,1.6841242163407908,79.63882618510158
NIFTY 50,2024-06-05,22128.35,22670.4,21791.95,22620.35,878.4500000000007,3.362425460942675,22513.605,22437.539,1.8520701742940122,85.67904781448799
NIFTY 50,2024-06-06,22798.6,22910.15,22642.6,22821.4,267.5500000000029,0.8888014553267487,22556.8,22453.728000000003,1.8187340503870808,87.3293658937
NIFTY 50,2024-06-07,22821.85,23320.2,22789.05,23290.15,531.1500000000015,2.0539931818380985,22618.547499999997,22477.596,1.8647219787334706,91.17709829673713
NIFTY 50,2024-06-10,23319.15,23411.9,23227.15,23259.2,184.75,-0.13288879633664985,22676.305,22502.686,1.8670851287779853,90.92304535193927
NIFTY 50,2024-06-11,23283.75,23389.45,23206.65,23264.85,182.79999999999927,0.024291463162962046,22728.655000000002,22525.51,1.8669471634196422,90.96942335317051
NIFTY 50,2024-06-12,23344.45,23441.95,23295.95,23322.95,146.0,0.24973296625596664,22784.775,22545.431,1.8653803631645198,91.44633695875231
NIFTY 50,2024-06-13,23480.95,23481.05,23353.9,23398.9,127.14999999999782,0.325644911985834,22834.5275,22564.169000000005,1.8591807065137647,92.06977221424175
NIFTY 50,2024-06-14,23464.95,23490.4,23334.25,23465.6,156.15000000000146,0.2850561351174452,22884.5025,22584.415,1.8591903045308817,92.61727888364454
NIFTY 50,2024-06-18,23570.8,23579.05,23499.7,23557.9,79.34999999999854,0.3933417428064967,22937.2975,22606.880000000005,1.8594294312261208,93.37492304535195
NIFTY 50,2024-06-19,23629.85,23664.0,23412.9,23516.0,251.09999999999854,-0.17785965642099777,22986.645,22626.907000000003,1.8616858707030977,93.03098707161912
NIFTY 50,2024-06-20,23586.15,23624.0,23442.6,23567.0,181.40000000000146,0.21687361796223215,23035.105,22647.973,1.8616062676282361,93.44962035706956
NIFTY 50,2024-06-21,23661.15,23667.1,23398.2,23501.1,268.8999999999978,-0.27962829380066,23061.7775,22664.668999999998,1.834344563227665,92.90868048430123
NIFTY 50,2024-06-24,23382.3,23558.1,23350.0,23537.85,208.09999999999854,0.15637565901169825,23090.815,22682.571,1.8338746620258812,93.21034270469934
NIFTY 50,2024-06-25,23577.1,23754.15,23562.05,23721.3,192.10000000000218,0.7793829937738694,23130.2575,22701.920999999995,1.8382624262553295,94.71619125795196
NIFTY 50,2024-06-26,23723.1,23889.9,23670.45,23868.8,219.45000000000073,0.6218040326626317,23179.29,22728.909,1.8384580037794085,95.92694438744101
NIFTY 50,2024-06-27,23881.55,24087.45,23805.4,24044.5,282.0499999999993,0.7361073870492119,23246.28,22764.349,1.8253177657674955,97.36917709829673
NIFTY 50,2024-06-28,24085.9,24174.0,23985.8,24010.6,188.20000000000073,-0.14098858366778932,23322.377500000002,22801.603,1.8048757261908328,97.09090909090907
NIFTY 50,2024-07-01,23992.95,24164.0,23992.7,24141.95,171.29999999999927,0.5470500528933053,23402.94,22844.525,1.8050258581772982,98.16909501333882
NIFTY 50,2024-07-02,24228.75,24236.35,24056.4,24123.85,179.9499999999971,-0.07497323124272537,23445.9375,22884.062,1.6729138162498585,98.02052123948286
NIFTY 50,2024-07-03,24291.75,24309.15,24207.1,24286.5,102.05000000000291,0.6742290306066545,23566.0375,22923.064000000002,0.8495285224542113,99.35563308023805
NIFTY 50,2024-07-04,24369.95,24401.0,24281.0,24302.15,120.0,0.06443909167646034,23650.1275,22961.747000000003,0.5297698475799073,99.48409603940078
NIFTY 50,2024-07-05,24213.35,24363.0,24168.85,24323.85,194.15000000000146,0.08929251115641357,23725.25,23000.176,0.5178406002309307,99.66222039811203
NIFTY 50,2024-07-08,24329.45,24344.6,24240.55,24320.55,104.04999999999927,-0.013566931221820067,23776.77,23035.18,0.32347981187598934,99.63513236199466
NIFTY 50,2024-07-09,24351.0,24443.6,24331.9,24433.2,111.69999999999709,0.4631885380881551,23835.47,23075.445,0.31692139932778746,100.55981941309255
NIFTY 50,2024-07-10,24459.85,24461.05,24141.8,24324.45,319.25,-0.4450911055449147,23888.45,23109.066000000003,0.34994056669990165,99.66714549558795
NIFTY 50,2024-07-11,24396.55,24402.65,24193.75,24315.95,208.90000000000146,-0.03494426389908378,23938.1,23143.287999999997,0.3545771769221178,99.5973732813462
NIFTY 50,2024-07-12,24387.95,24592.2,24331.15,24502.15,261.0499999999993,0.7657525204649573,23993.2625,23180.367000000002,0.37523359530553724,101.12579519802995
NIFTY 50,2024-07-15,24587.6,24635.05,24522.75,24586.7,112.29999999999927,0.3450717590089081,24049.3175,23222.584,0.37592551893646364,101.81982351734047
NIFTY 50,2024-07-16,24615.9,24661.25,24587.65,24613.0,73.59999999999854,0.1069684016155037,24102.072500000002,23265.99,0.3750013611629836,102.03570695670017
NIFTY 50,2024-07-18,24543.8,24837.75,24504.45,24800.85,333.2999999999993,0.7632145614106411,24166.315,23315.957,0.3814412915853299,103.57767289144265
NIFTY 50,2024-07-19,24853.8,24854.8,24508.15,24530.9,346.6499999999978,-1.0884707580586794,24214.510000000002,23360.525,0.48742700666474387,101.36178945208295
NIFTY 50,2024-07-22,24445.75,24595.2,24362.3,24509.25,232.90000000000146,-0.08825603626446687,24264.917500000003,23411.56,0.47929003627782396,101.18407551816131
NIFTY 50,2024-07-23,24568.9,24582.55,24074.2,24479.05,508.34999999999854,-0.12321878474453873,24311.9775,23460.037,0.48502054725708665,100.9361789452083
NIFTY 50,2024-07-24,24444.95,24504.25,24307.25,24413.5,197.0,-0.2677799996323338,24346.5875,23506.225999999995,0.4753064809015907,100.39811204596757
NIFTY 50,2024-07-25,24230.95,24426.15,24210.8,24406.1,215.35000000000218,-0.030311098367707956,24373.4525,23549.991,0.4630861434901629,100.3373691770983
NIFTY 50,2024-07-26,24423.35,24861.15,24410.9,24834.85,450.25,1.7567329479105664,24412.97,23602.677000000003,0.5775306848719248,103.85676174840958
NIFTY 50,2024-07-29,24943.3,24999.75,24774.6,24836.1,225.15000000000146,0.005033249647179439,24454.245,23651.321999999996,0.574394358467228,103.86702236815104
NIFTY 50,2024-07-30,24839.4,24971.75,24798.65,24857.3,173.09999999999854,0.08535961765334665,24490.0125,23699.146,0.5677124484915456,104.04104247896572
NIFTY 50,2024-07-31,24886.7,24984.6,24856.5,24951.15,128.09999999999854,0.3775550844218989,24531.3775,23748.129,0.5673911740181736,104.81140980915247
NIFTY 50,2024-08-01,25030.95,25078.3,24956.4,25010.9,121.89999999999782,0.23946792031630526,24567.5975,23797.766,0.5552655202525868,105.30186743279297
NIFTY 50,2024-08-02,24789.0,24851.9,24686.85,24717.7,165.0500000000029,-1.1722888820474342,24588.375,23840.164,0.6290792128661707,102.89513646624258
NIFTY 50,2024-08-05,24302.85,24350.05,23893.7,24055.6,456.34999999999854,-2.6786472851438536,24574.9625,23861.923000000003,0.8820745981809991,97.46029140160064
NIFTY 50,2024-08-06,24189.85,24382.6,23960.4,23992.55,422.1999999999971,-0.26210113237665755,24558.5625,23882.631999999998,0.8832588179923758,96.9427457418428
NIFTY 50,2024-08-07,24289.4,24337.7,24184.9,24297.5,152.79999999999927,1.2710195456506312,24551.7775,23909.932999999997,0.9260760421807168,99.44592653396265
NIFTY 50,2024-08-08,24248.55,24340.5,24079.7,24117.0,260.7999999999993,-0.7428747813561065,24541.405,23934.51,0.9355521933555545,97.9642930432998
NIFTY 50,2024-08-09,24386.85,24419.75,24311.2,24367.5,108.54999999999927,1.0386864037815746,24543.982500000002,23967.765999999996,0.9660793183611326,100.02052123948286
NIFTY 50,2024-08-12,24320.05,24472.8,24212.1,24347.0,260.7000000000007,-0.08412844977941925,24536.225,24004.932999999997,0.9498763236126917,99.85224707572338
NIFTY 50,2024-08-13,24342.35,24359.95,24116.5,24139.0,243.45000000000073,-0.8543146999630324,24513.84,24037.099,0.9628916379516662,98.14487995074903
NIFTY 50,2024-08-14,24184.4,24196.5,24099.7,24143.75,96.79999999999927,0.019677699987563635,24490.3775,24054.695999999996,0.962161719245423,98.18387030576648
NIFTY 50,2024-08-16,24334.85,24563.9,24204.5,24541.15,359.40000000000146,1.6459746311157097,24477.3925,24107.828999999998,1.0218446801867238,101.44592653396268
NIFTY 50,2024-08-19,24636.35,24638.8,24522.95,24572.65,115.84999999999854,0.1283558431450782,24479.48,24146.875,0.9924129896548387,101.70449415144675
NIFTY 50,2024-08-20,24648.9,24734.3,24607.2,24698.85,127.09999999999854,0.5135791215029606,24488.96,24184.424,0.9982818519258936,102.74040632054175
NIFTY 50,2024-08-21,24680.55,24787.95,24654.5,24770.2,133.45000000000073,0.2888798466325504,24503.517499999998,24214.025,0.998916922547837,103.32608249538274
NIFTY 50,2024-08-22,24863.4,24867.35,24784.45,24811.5,82.89999999999782,0.16673260611541618,24523.4175,24245.071,0.9960446410801254,103.66509337163964
NIFTY 50,2024-08-23,24845.4,24858.4,24771.65,24823.15,86.75,0.04695403341192783,24544.27,24276.237,0.9957211152330311,103.76072234762984
NIFTY 50,2024-08-26,24906.1,25043.8,24874.7,25010.6,169.09999999999854,0.7551418736139404,24553.0575,24309.99,0.9305055131855354,105.29940488405498
NIFTY 50,2024-08-27,25024.8,25073.1,24973.65,25017.75,99.44999999999709,0.028587878739427808,24562.14,24342.367,0.9304746279550785,105.358095628976
NIFTY 50,2024-08-28,25030.8,25129.6,24964.65,25052.35,164.9499999999971,0.13830180571794415,24571.8925,24374.102000000003,0.9306840081117549,105.64210958341884
NIFTY 50,2024-08-29,25035.3,25192.9,24998.5,25151.95,194.40000000000146,0.3975674936682605,24581.932500000003,24405.982999999997,0.9310730535696656,106.45967576441619
NIFTY 50,2024-08-30,25249.7,25268.35,25199.4,25235.9,68.94999999999709,0.3337713378088081,24593.1825,24440.380999999998,0.932351739128203,107.14877898625078
NIFTY 50,2024-09-02,25333.6,25333.65,25235.5,25278.7,98.15000000000146,0.16959965763059248,24621.232500000002,24474.615,0.8870243283379832,107.50010260619743
NIFTY 50,2024-09-03,25313.4,25321.7,25235.8,25279.85,85.90000000000146,0.004549284575539048,24682.445,24510.19,0.5978741638846575,107.5095423763595
NIFTY 50,2024-09-04,25089.95,25216.0,25083.8,25198.7,132.20000000000073,-0.3210066515426213,24742.7525,24543.406999999996,0.600669260990264,106.84342294274573
NIFTY 50,2024-09-05,25250.5,25275.45,25127.75,25145.1,147.70000000000073,-0.2127093858016571,24785.1325,24571.882999999998,0.5576577766440494,106.40344756823312
NIFTY 50,2024-09-06,25093.7,25168.75,24801.3,24852.15,367.4500000000007,-1.16503811875871,24821.89,24591.55,0.6004965479963085,103.99876872563105
NIFTY 50,2024-09-09,24823.4,24957.5,24753.15,24936.4,204.34999999999854,0.3390048748297403,24850.335,24609.388000000003,0.5654782648765744,104.69033449620358
NIFTY 50,2024-09-10,24999.4,25130.5,24896.8,25041.1,233.70000000000073,0.419868144559743,24885.04,24629.998,0.5672718506217788,105.54976400574594
NIFTY 50,2024-09-11,25034.0,25113.7,24885.15,24918.45,228.54999999999927,-0.48979477738596566,24924.0125,24645.528,0.5387070712972419,104.5429919967166
NIFTY 50,2024-09-12,25059.65,25433.35,24941.45,25388.9,491.8999999999978,1.8879585206944993,24986.27,24670.828999999998,0.6611008921846457,108.40467884260212
NIFTY 50,2024-09-13,25430.45,25430.5,25292.45,25356.5,138.04999999999927,-0.1276148238009589,25027.0375,24692.229,0.5782973556391395,108.13872357890415
NIFTY 50,2024-09-16,25406.65,25445.7,25336.2,25383.75,109.5,0.10746751326089488,25067.592500000002,24713.861,0.578386129988196,108.3624050892674
NIFTY 50,2024-09-17,25416.9,25441.65,25352.25,25418.55,89.40000000000146,0.13709558280394774,25103.5775,24735.755,0.5725096579521904,108.64806074286886
NIFTY 50,2024-09-18,25402.4,25482.2,25285.55,25377.55,196.65000000000146,-0.16129952337957665,25133.945,24756.895,0.5754084646094034,108.31151241534988
NIFTY 50,2024-09-19,25487.05,25611.95,25376.05,25415.8,235.90000000000146,0.15072376963103373,25164.16,24776.547,0.5753552033120805,108.62548737943771
NIFTY 50,2024-09-20,25525.95,25849.25,25426.6,25790.95,422.65000000000146,1.4760503308965278,25212.55,24805.877,0.649512680758061,111.70490457623643
NIFTY 50,2024-09-23,25872.55,25956.0,25847.35,25939.05,108.65000000000146,0.5742324342453475,25258.9725,24838.339,0.6424998379113877,112.9205828032013
NIFTY 50,2024-09-24,25921.45,26011.55,25886.85,25940.4,124.70000000000073,0.005204508260714391,25305.105000000003,24867.104,0.642819425397048,112.93166427252208
NIFTY 50,2024-09-25,25899.45,26032.8,25871.35,26004.15,161.45000000000073,0.24575565527131804,25352.695,24895.452999999998,0.6428734931735861,113.45495587933515
NIFTY 50,2024-09-26,26005.4,26250.9,25998.4,26216.05,252.5,0.81486993422204,25405.9,24927.514,0.6566383854870006,115.19433613790272
NIFTY 50,2024-09-27,26248.25,26277.35,26151.4,26178.95,125.94999999999709,-0.14151636116043198,25453.052499999998,24955.076,0.660490936714545,114.88980094397702
NIFTY 50,2024-09-30,26061.3,26134.7,25794.1,25810.85,340.6000000000022,-1.4060915353747983,25479.66,24980.675,0.7503691636939793,111.86825364252
NIFTY 50,2024-10-01,25788.45,25907.6,25739.2,25796.9,168.39999999999782,-0.05404703835788505,25505.5125,25006.428,0.750903969452081,111.75374512620562
NIFTY 50,2024-10-03,25452.85,25639.45,25230.3,25250.1,409.15000000000146,-2.11963452973033,25508.0825,25021.849000000002,0.8978127187912414,107.26533962651344
NIFTY 50,2024-10-04,25181.9,25485.05,24966.8,25014.6,518.25,-0.9326695735858426,25501.5575,25033.871,0.9215030575226731,105.33223886722757
NIFTY 50,2024-10-07,25084.1,25143.0,24694.35,24795.75,448.65000000000146,-0.8748890647861551,25498.7375,25041.664,0.9046909584353019,103.53580956289758
NIFTY 50,2024-10-08,24832.2,25044.0,24756.8,25013.15,287.2000000000007,0.8767631549761568,25502.575,25045.23,0.9233294767100778,105.3203365483275
NIFTY 50,2024-10-09,25065.8,25234.05,24947.7,24981.95,286.34999999999854,-0.12473438971101203,25499.6175,25048.147,0.9189182159494692,105.06423147958137
NIFTY 50,2024-10-10,25067.05,25134.05,24979.4,24998.45,154.64999999999782,0.06604768642959336,25503.6175,25050.97,0.9119527630532271,105.19967166016828
NIFTY 50,2024-10-11,24985.3,25028.65,24920.05,24964.25,108.60000000000218,-0.13680848212589414,25482.385,25051.232000000004,0.7990707903374004,104.91894110404267
NIFTY 50,2024-10-14,25023.45,25159.75,25017.5,25127.95,142.25,0.6557377049180246,25470.957499999997,25053.572999999997,0.8157042477116941,106.26267186538065
NIFTY 50,2024-10-15,25186.3,25212.05,25008.15,25057.35,203.89999999999782,-0.2809620362982379,25454.6375,25060.366,0.8165797006701655,105.68315206238456
NIFTY 50,2024-10-16,25008.55,25093.4,24908.45,24971.3,184.95000000000073,-0.34341221238478603,25432.275,25078.68,0.817497059144427,104.97681099938436
NIFTY 50,2024-10-17,25027.4,25029.5,24728.9,24749.85,300.59999999999854,-0.8868180671410819,25400.89,25093.826,0.8369029468877697,103.15903960599218
NIFTY 50,2024-10-18,24664.95,24886.2,24567.65,24854.05,318.5499999999993,0.42101265260194864,25372.802499999998,25104.957000000002,0.8436903032829256,104.01436486763802
NIFTY 50,2024-10-21,24956.15,24978.3,24679.6,24781.1,298.7000000000007,-0.2935135319998228,25322.31,25118.239000000005,0.7571428134748952,103.41555509952798
NIFTY 50,2024-10-22,24798.65,24882.0,24445.8,24472.1,436.2000000000007,-1.246918014131737,25248.9625,25120.331000000002,0.7689556451182208,100.8791298994459
NIFTY 50,2024-10-23,24378.15,24604.25,24378.1,24435.5,226.15000000000146,-0.14955806816742134,25173.7175,25122.101000000002,0.7666267487492684,100.5786989534168
NIFTY 50,2024-10-24,24412.7,24480.65,24341.2,24399.4,139.45000000000073,-0.1477358760819225,25093.480000000003,25127.309000000005,0.7569917991713027,100.28237225528423
NIFTY 50,2024-10-25,24418.05,24440.25,24073.9,24180.8,366.34999999999854,-0.8959236702541951,24991.7175,25128.05,0.718235635572005,98.48799507490251
NIFTY 50,2024-10-28,24251.1,24492.6,24134.9,24339.15,357.6999999999971,0.6548584000529489,24899.7275,25124.01,0.7545244570515793,99.7878103837472
NIFTY 50,2024-10-29,24328.85,24484.5,24140.85,24466.85,343.65000000000146,0.524669103070563,24832.5275,25121.894,0.7370817904142315,100.83603529653189
NIFTY 50,2024-10-30,24371.45,24498.2,24307.3,24340.85,190.90000000000146,-0.5149825171609779,24759.725,25114.734,0.7373636253482108,99.8017648265955
NIFTY 50,2024-10-31,24349.85,24372.45,24172.6,24205.35,199.85000000000218,-0.5566773551457738,24707.4875,25103.437,0.6036691465808504,98.68951364662423
NIFTY 50,2024-11-01,24302.75,24368.25,24280.2,24304.35,88.04999999999927,0.4090004895611843,24671.975,25093.293999999998,0.5935180280381445,99.50215473014569
NIFTY 50,2024-11-04,24315.75,24316.75,23816.15,23995.35,500.59999999999854,-1.2713773460306443,24631.954999999998,25076.737999999998,0.6250610050422323,96.9657295300636
NIFTY 50,2024-11-05,23916.5,24229.05,23842.75,24213.3,386.2999999999993,0.9083009833155131,24591.9625,25060.792,0.627853222602079,98.75477118817977
NIFTY 50,2024-11-06,24308.75,24537.6,24204.05,24484.05,333.5499999999993,1.1181871120417242,24567.067499999997,25050.118,0.6900147609373203,100.97722142417402
NIFTY 50,2024-11-07,24489.6,24503.35,24179.05,24199.35,324.2999999999993,-1.1627978214388546,24527.1125,25033.057999999997,0.728257550519518,98.64026267186536
NIFTY 50,2024-11-08,24207.7,24276.15,24066.65,24148.2,209.5,-0.21136931363857636,24486.31,25012.982999999997,0.728324575371593,98.22039811204597
NIFTY 50,2024-11-11,24087.25,24336.8,24004.6,24141.3,332.2000000000007,-0.02857355827764474,24436.9775,24991.091,0.7034613133566778,98.16375949107325
NIFTY 50,2024-11-12,24225.8,24242.0,23839.15,23883.45,402.84999999999854,-1.0680866399075395,24378.282499999998,24963.186,0.7298851443979189,96.04719885081059
NIFTY 50,2024-11-13,23822.45,23873.6,23509.6,23559.05,364.0,-1.3582627300494754,24307.67,24928.77,0.7717427494787503,93.38436281551405
NIFTY 50,2024-11-14,23542.15,23675.9,23484.15,23532.7,191.75,-0.11184661520731165,24246.8125,24895.45,0.7594423963064431,93.16806895136467
NIFTY 50,2024-11-18,23605.3,23606.8,23350.4,23453.8,256.3999999999978,-0.33527814487925856,24176.8,24861.624,0.7429709178713421,92.52041863328544
NIFTY 50,2024-11-19,23529.55,23780.65,23464.8,23518.5,315.8500000000022,0.2758614808687776,24113.67,24834.951,0.7535372976563769,93.05150831110198
NIFTY 50,2024-11-21,23488.45,23507.3,23263.15,23349.9,244.14999999999782,-0.7168824542381436,24057.56,24803.220999999998,0.7257507608009953,91.66755592037761
NIFTY 50,2024-11-22,23411.8,23956.1,23359.0,23907.25,597.0999999999985,2.386948123974819,24031.1475,24780.543999999998,0.9329517857625554,96.24256105068747
NIFTY 50,2024-11-25,24253.55,24351.55,24135.45,24221.9,216.09999999999854,1.3161279528176584,24022.2725,24766.613,0.9853800558225193,98.82536425200084
NIFTY 50,2024-11-26,24343.3,24343.3,24125.4,24194.5,217.89999999999782,-0.11312077087264338,24022.957499999997,24742.725,0.9645815102290042,98.60045146726861
NIFTY 50,2024-11-27,24204.8,24354.55,24145.65,24274.9,208.89999999999782,0.33230692926078387,24019.745,24721.092999999997,0.955840384541244,99.26041452903756
NIFTY 50,2024-11-28,24274.15,24345.75,23873.35,23914.15,472.40000000000146,-1.4861029293632533,23992.11,24691.701,1.0014276075995536,96.29919967166019
NIFTY 50,2024-11-29,23927.15,24188.45,23927.15,24131.1,261.2999999999993,0.9072034757664271,23981.6225,24665.951999999997,1.0214085093142284,98.08003283398317
NIFTY 50,2024-12-02,24140.85,24301.7,24008.65,24276.05,293.0499999999993,0.6006771344862161,23985.157499999998,24643.922,1.0232786718114557,99.26985429919965
NIFTY 50,2024-12-03,24367.5,24481.35,24280.0,24457.15,201.34999999999854,0.7460027475639563,23992.7975,24624.749,1.03276001697233,100.75641288733839
NIFTY 50,2024-12-04,24488.75,24573.2,24366.3,24467.45,206.90000000000146,0.04211447368152044,24016.402500000004,24598.279000000002,0.9859211736377824,100.84096039400778
NIFTY 50,2024-12-05,24539.15,24857.75,24295.55,24708.4,562.2000000000007,0.9847777353177323,24041.157499999998,24573.666,0.9893549917046708,102.81879745536631
NIFTY 50,2024-12-06,24729.45,24751.05,24620.5,24677.8,130.54999999999927,-0.12384452251057443,24050.845,24548.414,0.9610453129177525,102.56761748409602
NIFTY 50,2024-12-09,24633.9,24705.0,24580.05,24619.0,124.95000000000073,-0.23827083451523068,24071.827500000003,24520.711,0.9213695575090189,102.08495793145906
NIFTY 50,2024-12-10,24652.65,24677.8,24510.65,24610.05,167.14999999999782,-0.03635403550104055,24094.920000000002,24488.591,0.9191849665743785,102.0114918941104
NIFTY 50,2024-12-11,24620.5,24691.75,24583.85,24641.8,107.90000000000146,0.12901233439184256,24119.945,24457.847999999998,0.9187112155555622,102.27211163554277
NIFTY 50,2024-12-12,24604.45,24675.25,24527.95,24548.7,147.29999999999927,-0.3778133090926783,24153.2075,24432.605,0.8845888580734387,101.50790067720092
NIFTY 50,2024-12-13,24498.35,24792.3,24180.8,24768.3,611.5,0.8945483874909899,24213.670000000002,24412.033,0.8250360925436989,103.31048635337572
NIFTY 50,2024-12-16,24753.4,24781.25,24601.75,24668.25,179.5,-0.4039437506813126,24270.447500000002,24400.395999999997,0.8343819599031274,102.48922634927152
NIFTY 50,2024-12-17,24584.8,24624.1,24303.45,24336.0,320.6499999999978,-1.3468730047733413,24314.557500000003,24386.824,0.899183988032962,99.76195362199877
NIFTY 50,2024-12-18,24297.95,24394.45,24149.85,24198.85,244.60000000000218,-0.5635683760683796,24348.575,24374.886000000002,0.9143604929541798,98.6361584239688
NIFTY 50,2024-12-19,23877.15,24004.9,23870.3,23951.7,134.60000000000218,-1.021329525989867,24378.665,24353.656999999996,0.9318600221842279,96.6074286886928
NIFTY 50,2024-12-20,23960.7,24065.8,23537.35,23587.5,528.4500000000007,-1.5205601272561098,24362.677499999998,24325.767999999996,0.8390827538904632,93.61789452082905
NIFTY 50,2024-12-23,23738.2,23869.55,23647.2,23753.45,222.34999999999854,0.703550609432968,24339.255,24300.868,0.796135943021659,94.98009439770163
NIFTY 50,2024-12-24,23769.1,23867.65,23685.15,23727.65,182.5,-0.10861580107310864,24315.9125,24276.136000000002,0.7961310583309389,94.76831520623847
NIFTY 50,2024-12-26,23775.8,23854.5,23653.6,23750.2,200.90000000000146,0.0950368030546711,24289.677499999998,24248.581000000002,0.7911910739389965,94.95341678637391
NIFTY 50,2024-12-27,23801.4,23938.85,23800.6,23813.4,138.25,0.26610302229033156,24284.64,24223.701999999997,0.7245583381846387,95.47219372050073
NIFTY 50,2024-12-30,23796.9,23915.35,23599.3,23644.9,316.0499999999993,-0.7075848051937172,24260.33,24197.174,0.7056873537150853,94.08906217935564
NIFTY 50,2024-12-31,23560.6,23689.85,23460.45,23644.8,229.39999999999782,-0.0004229241823860974,24228.7675,24175.073000000004,0.6868534131680576,94.08824132977631
NIFTY 50,2025-01-01,23637.65,23822.8,23562.8,23742.9,260.0,0.41489037758830616,24193.055,24152.85,0.6683846879779766,94.89349476708395
NIFTY 50,2025-01-02,23783.0,24226.7,23751.55,24188.65,475.15000000000146,1.8774033500541298,24179.114999999998,24141.000999999997,0.8071465995530269,98.55243176687874
NIFTY 50,2025-01-03,24196.4,24196.45,23976.0,24004.75,220.45000000000073,-0.7602739301283967,24143.932500000003,24131.654000000002,0.7828778601791404,97.04288939051919
NIFTY 50,2025-01-06,24045.8,24089.95,23551.9,23616.05,538.0499999999993,-1.6192628542267662,24090.844999999998,24115.265,0.8496710714818,93.85224707572337
NIFTY 50,2025-01-07,23679.9,23795.2,23637.8,23707.9,157.40000000000146,0.3889304096154955,24045.29,24101.435,0.8603219985428084,94.60619741432383
NIFTY 50,2025-01-08,23746.65,23751.85,23496.15,23688.95,255.6999999999971,-0.0799311621864418,23999.235,24091.598,0.8599812204507131,94.45064641904372
NIFTY 50,2025-01-09,23674.75,23689.5,23503.05,23526.5,186.45000000000073,-0.685762771249887,23943.47,24075.345,0.8635129137228733,93.11717627744716
NIFTY 50,2025-01-10,23551.9,23596.6,23344.35,23431.5,252.25,-0.4037999702463213,23887.61,24054.638000000003,0.8637700740408416,92.3373691770983
NIFTY 50,2025-01-13,23195.4,23340.95,23047.25,23085.95,293.7000000000007,-1.4747241960608504,23803.4925,24029.54,0.8640274086326273,89.50092345577674
NIFTY 50,2025-01-14,23165.9,23264.95,23134.15,23176.05,130.79999999999927,0.3902806685451399,23728.8825,24008.953999999998,0.8794130026259842,90.24050892673915
NIFTY 50,2025-01-15,23250.45,23293.65,23146.45,23213.2,147.20000000000073,0.16029478707546563,23672.7425,23987.131,0.8497652040152451,90.54545454545455
NIFTY 50,2025-01-16,23377.25,23391.65,23272.05,23311.8,119.60000000000218,0.4247583271586697,23628.390000000003,23973.46,0.8581925712334696,91.35481223065874
NIFTY 50,2025-01-17,23277.1,23292.1,23100.35,23203.2,191.75,-0.46585849226571385,23590.965,23953.257999999998,0.8383956190945991,90.4633695875231
NIFTY 50,2025-01-20,23290.4,23391.1,23170.65,23344.75,220.4499999999971,0.6100451661839701,23578.8275,23930.472,0.7897362974966433,91.62528216704288
NIFTY 50,2025-01-21,23421.65,23426.3,22976.85,23024.65,449.4500000000007,-1.3711862410177855,23542.3875,23906.978000000003,0.8213484250950817,88.9977426636569
NIFTY 50,2025-01-22,23099.15,23169.55,22981.3,23155.35,188.25,0.5676524941747196,23513.7725,23887.121,0.8370203009454812,90.07059306382104
NIFTY 50,2025-01-23,23128.3,23270.8,23090.65,23205.35,180.14999999999782,0.21593281898135697,23486.530000000002,23868.402000000002,0.8390788966269604,90.48101785347833
NIFTY 50,2025-01-24,23183.9,23347.3,23050.0,23092.2,297.2999999999993,-0.4876030742910431,23450.47,23852.577,0.8380988290415559,89.5522265544839
NIFTY 50,2025-01-27,22940.15,23007.45,22786.9,22829.15,220.54999999999927,-1.139129229783209,23409.6825,23837.979,0.8585078572551694,87.39298173609686
NIFTY 50,2025-01-28,22960.45,23137.95,22857.65,22957.25,280.2999999999993,0.5611247024089661,23375.305,23826.47,0.873463161733914,88.44449004719885
NIFTY 50,2025-01-29,23026.75,23183.35,22976.5,23163.1,206.84999999999854,0.8966666303673154,23346.315000000002,23820.656000000003,0.8960339807478239,90.13420890621792
NIFTY 50,2025-01-30,23169.5,23322.05,23139.2,23249.5,182.84999999999854,0.3730070672751218,23299.357500000002,23815.276,0.7744530318878677,90.84342294274575
NIFTY 50,2025-01-31,23296.75,23546.8,23277.4,23508.4,269.3999999999978,1.1135723348889348,23274.54,23818.446,0.8147591455533264,92.96860250359123
NIFTY 50,2025-02-01,23528.6,23632.45,23318.3,23482.15,314.15000000000146,-0.11166221435742196,23267.845,23809.944000000003,0.7325125515791214,92.75312948902115
NIFTY 50,2025-02-03,23319.35,23381.6,23222.0,23361.05,159.59999999999854,-0.5157108697457558,23250.5025,23792.727000000003,0.7334806982910915,91.75908064847115
NIFTY 50,2025-02-04,23509.9,23762.75,23423.15,23739.25,339.59999999999854,1.6189340804458663,23253.017499999998,23783.622000000003,0.825058864020985,94.86353375743894
NIFTY 50,2025-02-05,23801.75,23807.3,23680.45,23696.3,126.84999999999854,-0.18092399717767327,23261.5075,23772.05,0.8101158040721136,94.51097886312331
NIFTY 50,2025-02-06,23761.95,23773.55,23556.25,23603.35,217.29999999999927,-0.3922553310010457,23270.1,23765.834,0.8097876738673674,93.7479991791504
NIFTY 50,2025-02-07,23649.5,23694.5,23443.2,23559.95,251.29999999999927,-0.18387220458111475,23293.8,23754.411,0.7302723239779858,93.3917504617279
NIFTY 50,2025-02-10,23543.8,23568.6,23316.3,23381.6,252.29999999999927,-0.7570050021328711,23304.0775,23736.522,0.7513735526861909,91.92776523702031
NIFTY 50,2025-02-11,23383.55,23390.05,22986.65,23071.8,403.3999999999978,-1.3249734834228644,23297.0075,23708.815,0.8106325840596295,89.38477324030372
NIFTY 50,2025-02-12,23050.8,23144.7,22798.35,23045.25,346.3500000000022,-0.11507554677138154,23283.68,23680.370999999996,0.803741942569794,89.1668376769957
NIFTY 50,2025-02-13,23055.75,23235.5,22992.2,23031.4,243.29999999999927,-0.060099152753811946,23275.090000000004,23646.831000000002,0.797909652327595,89.05315001026064
NIFTY 50,2025-02-14,23096.45,23133.7,22774.85,22929.25,358.8500000000022,-0.4435249268390229,23254.315000000002,23611.86,0.7878579427133339,88.21465216499075
NIFTY 50,2025-02-17,22809.9,22974.2,22725.45,22959.5,248.75,0.13192755977626813,23251.057500000003,23578.67,0.7283336607790419,88.46295916273344
NIFTY 50,2025-02-18,22963.65,22992.5,22801.5,22945.3,191.0,-0.06184803676038131,23240.555,23545.375,0.7154697511877202,88.34639852247075
NIFTY 50,2025-02-19,22847.25,23049.95,22814.85,22932.9,235.10000000000218,-0.054041568425766684,23226.9325,23511.197,0.7128669234057557,88.24461317463576
NIFTY 50,2025-02-20,22821.1,22923.85,22812.75,22913.15,111.09999999999854,-0.08612081332932675,23217.98,23478.486,0.7057088243593013,88.08249538272112
NIFTY 50,2025-02-21,22857.2,22921.0,22720.3,22795.9,200.70000000000073,-0.5117148886120026,23216.3175,23439.038000000004,0.6670000731465621,87.12004925097476
NIFTY 50,2025-02-24,22609.35,22668.05,22518.8,22553.35,149.25,-1.0640071240881177,23196.1225,23396.740000000005,0.6928679812435616,85.12907859634721
NIFTY 50,2025-02-25,22516.45,22625.3,22513.9,22547.55,111.39999999999782,-0.0257168003866326,23165.344999999998,23360.971,0.653569572598577,85.08146932074696
NIFTY 50,2025-02-27,22568.95,22613.3,22508.4,22545.05,104.89999999999782,-0.011087679149179852,23130.122499999998,23327.895,0.6434976377664116,85.0609480812641
NIFTY 50,2025-02-28,22433.4,22450.35,22104.85,22124.7,345.5,-1.8644891007116748,23060.9375,23291.355,0.6788777836875773,81.61050687461524
NIFTY 50,2025-03-03,22194.55,22261.55,22004.7,22119.3,256.84999999999854,-0.024407110604895976,22992.795,23261.991,0.6804348944938912,81.56618099733224
NIFTY 50,2025-03-04,21974.45,22105.05,21964.6,22082.65,140.45000000000073,-0.16569240437083188,22928.875,23228.575000000004,0.678994351387762,81.26533962651345
NIFTY 50,2025-03-05,22073.05,22394.9,22067.8,22337.3,327.1000000000022,1.1531677583985545,22858.7775,23200.767999999996,0.6154982433636871,83.35563308023804
NIFTY 50,2025-03-06,22476.35,22556.45,22245.85,22544.7,310.6000000000022,0.9284918051868374,22801.197500000002,23176.658000000003,0.6741868169175991,85.05807510773651
NIFTY 50,2025-03-07,22508.65,22633.8,22464.75,22552.5,169.04999999999927,0.03459793210820461,22748.655,23151.440000000006,0.6760874561956501,85.12210137492305
NIFTY 50,2025-03-10,22521.85,22676.75,22429.05,22460.3,247.70000000000073,-0.4088238554484036,22693.6725,23127.748,0.6772326334320511,84.36527806279499
NIFTY 50,2025-03-11,22345.95,22522.1,22314.7,22497.9,207.39999999999782,0.16740649056334878,22649.4875,23104.81,0.6713601990661122,84.67391750461728
NIFTY 50,2025-03-12,22536.35,22577.4,22329.55,22470.5,247.85000000000218,-0.12178914476462799,22619.4225,23079.362,0.6159544044944124,84.44900471988508
NIFTY 50,2025-03-13,22541.5,22558.05,22377.35,22397.2,180.70000000000073,-0.3262054693932037,22587.02,23043.533000000003,0.6174898973909732,83.84732197824749
NIFTY 50,2025-03-17,22353.15,22577.0,22353.15,22508.75,223.84999999999854,0.49805332809458314,22560.8875,23013.612999999998,0.6337238728007349,84.7629796839729
NIFTY 50,2025-03-18,22662.25,22857.8,22599.2,22834.3,258.59999999999854,1.4463264286110888,22556.14,22997.978000000003,0.7172094708293899,87.43525548943157
NIFTY 50,2025-03-19,22874.95,22940.7,22807.95,22907.6,132.75,0.3210083076774728,22553.545,22981.971999999998,0.7205324343868134,88.03693823106914
NIFTY 50,2025-03-20,23036.6,23216.7,22973.95,23190.65,242.75,1.2356161273987754,22565.8125,22972.006,0.7720742825881617,90.36035296531912
NIFTY 50,2025-03-21,23168.25,23402.7,23132.8,23350.4,269.90000000000146,0.6888552067320308,22586.6875,22968.484,0.7842742046624347,91.67166016827417
NIFTY 50,2025-03-24,23515.4,23708.75,23433.5,23658.35,275.25,1.3188210908592346,22623.947500000002,22973.021,0.8290135912068561,94.19946644777343
NIFTY 50,2025-03-25,23751.5,23869.6,23601.4,23668.65,268.1999999999971,0.04353642582852757,22667.585,22984.675,0.8143824363804825,94.28401395444286
NIFTY 50,2025-03-26,23700.95,23736.5,23451.7,23486.85,284.7999999999993,-0.7681046447516104,22714.260000000002,22990.891,0.7927802131023797,92.7917094192489
NIFTY 50,2025-03-27,23433.95,23646.45,23412.2,23591.95,234.25,0.44748444342259663,22766.480000000003,22998.466,0.7925626506286096,93.65442232710856
NIFTY 50,2025-03-28,23600.4,23649.2,23450.2,23519.35,199.0,-0.3077320865803923,22815.195,23002.617000000002,0.8000451824893164,93.05848553252616
NIFTY 50,2025-04-01,23341.1,23565.15,23136.4,23165.7,428.75,-1.503655500683465,22867.245000000003,23001.867000000002,0.7533960061810135,90.15555099528012
NIFTY 50,2025-04-02,23192.6,23350.0,23158.45,23332.35,191.54999999999927,0.7193825353863481,22927.8975,23001.619,0.7583701419953474,91.52349681920786
NIFTY 50,2025-04-03,23150.3,23306.5,23145.8,23250.1,160.70000000000073,-0.3525148559832214,22986.27,23006.127999999997,0.765140022632888,90.84834804022162
NIFTY 50,2025-04-04,23190.4,23214.7,22857.45,22904.45,357.25,-1.4866602724289302,23014.6275,23001.11,0.8281768164004996,88.01108146932076
NIFTY 50,2025-04-07,21758.4,22254.0,21743.65,22161.6,510.34999999999854,-3.243256223135693,22995.4725,22980.235,1.0976517288698557,81.9134003693823
NIFTY 50,2025-04-08,22446.75,22697.2,22270.85,22535.85,426.3500000000022,1.68873186051548,22994.64,22969.107999999997,1.1668678428805226,84.98542991996716
NIFTY 50,2025-04-09,22460.3,22468.7,22353.25,22399.15,115.45000000000073,-0.6065890569914023,22991.5825,22960.508,1.1713690923424653,83.86332854504413
NIFTY 50,2025-04-11,22695.4,22923.9,22695.4,22828.55,228.5,1.91703703042303,23008.114999999998,22957.934000000005,1.2479176509564585,87.38805663862097
NIFTY 50,2025-04-15,23368.35,23368.35,23207.0,23328.55,161.34999999999854,2.1902398531663314,23051.017499999998,22961.243,1.3324267684349276,91.49230453519392
NIFTY 50,2025-04-16,23344.1,23452.2,23273.05,23437.2,179.15000000000146,0.46573833350123106,23103.017499999998,22964.997000000003,1.327850113965775,92.38415760311925
NIFTY 50,2025-04-17,23401.85,23872.35,23298.55,23851.65,573.7999999999993,1.7683426347857356,23170.1625,22971.862,1.3707514003504642,95.78616868458856
NIFTY 50,2025-04-21,23949.15,24189.55,23903.65,24125.55,285.8999999999978,1.1483482274811108,23234.725,22984.73,1.3591967685854895,98.03447568233122
NIFTY 50,2025-04-22,24185.4,24242.6,24072.0,24167.25,170.59999999999854,0.172845800406618,23297.7075,23000.854,1.3593895279373187,98.3767699569054
NIFTY 50,2025-04-23,24357.6,24359.3,24119.95,24328.95,239.34999999999854,0.669087297892812,23354.6225,23012.647999999997,1.3441764755248984,99.70408372665709
NIFTY 50,2025-04-24,24277.9,24347.85,24216.15,24246.7,131.6999999999971,-0.3380745983694311,23399.4375,23023.656000000003,1.3460824054533587,99.02893494767085
NIFTY 50,2025-04-25,24289.0,24365.45,23847.85,24039.35,517.6000000000022,-0.8551679197581596,23418.4875,23032.376,1.3384935830151092,97.32690334496203
NIFTY 50,2025-04-28,24070.25,24355.1,24054.05,24328.5,301.0499999999993,1.2028195437896683,23451.48,23047.747000000003,1.361352646059004,99.70038990355017
NIFTY 50,2025-04-29,24370.7,24457.65,24290.75,24335.95,166.90000000000146,0.030622520911682827,23493.935,23066.834,1.3447265968093411,99.76154319720911
NIFTY 50,2025-04-30,24342.05,24396.15,24198.75,24334.2,197.40000000000146,-0.007191007542339811,23531.047499999997,23092.082,1.3439226670128692,99.74717832957111
NIFTY 50,2025-05-02,24311.9,24589.15,24238.5,24346.7,350.65000000000146,0.05136803346730279,23572.415,23118.111,1.339686064573403,99.84978452698543
NIFTY 50,2025-05-05,24419.5,24526.4,24400.65,24461.15,125.75,0.47008424139616256,23637.1875,23146.706000000002,1.2803962919953418,100.78924687051098
NIFTY 50,2025-05-06,24500.75,24509.65,24331.8,24379.6,177.85000000000218,-0.333385797478869,23689.55,23175.713,1.283030838088127,100.1198440385799
NIFTY 50,2025-05-07,24233.3,24449.6,24220.0,24414.4,229.59999999999854,0.14274229273656402,23747.765,23204.811,1.2760048057155442,100.4054996921814
NIFTY 50,2025-05-08,24431.5,24447.25,24150.2,24273.8,297.0499999999993,-0.5758896389016388,23816.232500000002,23231.381,1.2259446164085597,99.25138518366509
NIFTY 50,2025-05-09,23935.75,24164.25,23935.75,24008.0,228.5,-1.0950077861727414,23908.552499999998,23252.883,0.9658762745393138,97.0695670018469
NIFTY 50,2025-05-12,24420.1,24944.8,24378.85,24924.7,565.9500000000007,3.8183105631456105,24027.995000000003,23293.113999999998,1.2030654180037152,104.59429509542377
NIFTY 50,2025-05-13,24864.05,24973.8,24547.5,24578.35,426.2999999999993,-1.3895854313191403,24136.954999999998,23328.763,1.2530762541971128,101.75128257746766
NIFTY 50,2025-05-14,24613.8,24767.55,24535.55,24666.9,232.0,0.3602764221357635,24228.8725,23371.034,1.2061038810921818,102.47814487995078
NIFTY 50,2025-05-15,24694.45,25116.25,24494.45,25062.1,621.7999999999993,1.6021470067175025,24315.55,23421.325,1.1665483392400766,105.72214241740201
NIFTY 50,2025-05-16,25064.65,25070.0,24953.05,25019.8,116.95000000000073,-0.16878074862042292,24394.68,23470.82,1.1722906821765284,105.37492304535192
NIFTY 50,2025-05-19,25005.35,25062.95,24916.65,24945.45,146.29999999999927,-0.29716464560067823,24449.37,23527.235,1.12945025926043,104.76462138313155
NIFTY 50,2025-05-20,24996.2,25010.35,24669.7,24683.9,340.6499999999978,-1.0484878003804265,24477.2875,23578.527000000002,1.1422325632064079,102.61768930843425
NIFTY 50,2025-05-21,24744.25,24946.2,24685.35,24813.45,260.8500000000022,0.5248360267218644,24509.5975,23633.142999999996,1.1457864874104158,103.68109993843629
NIFTY 50,2025-05-22,24733.95,24737.5,24462.4,24609.7,275.09999999999854,-0.8211272515510792,24523.635,23678.591,1.1578353559988734,102.00861892058279
NIFTY 50,2025-05-23,24639.5,24909.05,24614.05,24853.15,295.0,0.9892440785543855,24553.9575,23724.76,1.1715549464641974,104.00697722142418
NIFTY 50,2025-05-26,24919.35,25079.2,24900.5,25001.15,178.70000000000073,0.5954979549875894,24602.0475,23773.732999999997,1.1520940583203765,105.22183459880976
NIFTY 50,2025-05-27,24956.65,25062.9,24704.1,24826.2,358.8000000000029,-0.699767810680707,24626.932500000003,23821.051,1.143673732434165,103.78575825979888
NIFTY 50,2025-05-28,24832.5,24864.25,24737.05,24752.45,127.20000000000073,-0.29706519725128944,24647.7575,23866.141999999996,1.147173991308308,103.18038169505436
NIFTY 50,2025-05-29,24825.1,24892.6,24677.3,24833.6,215.29999999999927,0.32784633440325894,24672.7275,23913.404,1.1481097067320212,103.84650112866818
NIFTY 50,2025-05-30,24812.6,24863.95,24717.4,24750.7,146.54999999999927,-0.333821918690802,24692.9275,23960.474,1.152329274070595,103.1660168274164
NIFTY 50,2025-06-02,24669.7,24754.4,24526.15,24716.6,228.25,-0.13777388114276645,24705.7,24004.631,1.1497497641810366,102.88610712087008
NIFTY 50,2025-06-03,24786.3,24845.1,24502.15,24542.5,342.9499999999971,-0.7043849073092523,24713.845,24038.795,1.1593520118097416,101.4570080032834
NIFTY 50,2025-06-04,24560.45,24644.25,24530.45,24620.2,113.79999999999927,0.31659366405216716,24724.135000000002,24073.047000000002,1.1608168594345245,102.09480812641085
NIFTY 50,2025-06-05,24691.2,24899.85,24613.1,24750.9,286.75,0.5308648995540288,24747.989999999998,24104.251999999997,1.155864733381136,103.16765852657501
NIFTY 50,2025-06-06,24748.7,25029.5,24671.45,25003.05,358.0499999999993,1.0187508333030282,24797.7425,24137.305,1.1369799956443865,105.23743074081673
NIFTY 50,2025-06-09,25160.1,25160.1,25077.15,25103.2,82.94999999999709,0.4005511327618061,24806.6675,24166.201999999997,0.7605210119930466,106.05951159450031
NIFTY 50,2025-06-10,25196.05,25199.3,25055.45,25104.25,143.84999999999854,0.004182733675395234,24832.9625,24194.914,0.6826519690515684,106.0681305150831
NIFTY 50,2025-06-11,25134.15,25222.4,25081.3,25141.4,141.10000000000218,0.14798291126005836,24856.6875,24228.005,0.6801707846370509,106.37307613379848
NIFTY 50,2025-06-12,25164.45,25196.2,24825.9,24888.2,370.2999999999993,-1.0071038207896121,24847.9925,24253.93,0.6243237741009746,104.29468499897396
NIFTY 50,2025-06-13,24473.0,24754.35,24473.0,24718.6,281.34999999999854,-0.6814474329200237,24832.932500000003,24277.915,0.640508612169089,102.90252411245638
NIFTY 50,2025-06-16,24732.35,24967.1,24703.6,24946.5,263.5,0.9219777819132302,24832.985,24313.531000000003,0.6737582552492075,104.77324030371436
NIFTY 50,2025-06-17,24977.85,24982.05,24813.7,24853.4,168.34999999999854,-0.37319864510051426,24841.46,24343.952,0.6340764502885591,104.00902934537245
NIFTY 50,2025-06-18,24788.35,24947.55,24750.45,24812.05,197.09999999999854,-0.16637562667483063,24841.39,24375.191000000003,0.6248071202695131,103.66960804432588
NIFTY 50,2025-06-19,24803.25,24863.1,24733.4,24793.25,129.6999999999971,-0.0757696361243787,24850.567499999997,24412.967,0.5946545056487309,103.51528832341472
NIFTY 50,2025-06-20,24787.65,25136.2,24783.65,25112.4,352.5499999999993,1.287245520454161,24863.530000000002,24471.982999999997,0.62278974748752,106.13502975579725
NIFTY 50,2025-06-23,24939.75,25057.0,24824.85,24971.9,232.15000000000146,-0.5594845574297902,24862.067499999997,24520.704000000005,0.6234587743330059,104.98173609686026
NIFTY 50,2025-06-24,25179.9,25317.7,24999.7,25044.35,318.0,0.29012610173835274,24872.975,24573.607999999997,0.6043159858607451,105.57644161707364
NIFTY 50,2025-06-25,25150.35,25266.8,25125.05,25244.75,141.75,0.8001804798287937,24897.590000000004,24621.932,0.6211528347197239,107.2214241740201
NIFTY 50,2025-06-26,25268.95,25565.3,25259.9,25549.0,305.3999999999978,1.2052010814129765,24933.36,24666.341,0.6673295126818519,109.71885901908473
NIFTY 50,2025-06-27,25576.65,25654.2,25523.55,25637.8,130.65000000000146,0.34756741946846414,24977.715,24710.353000000003,0.6589810098179196,110.44777344551608
NIFTY 50,2025-06-30,25661.65,25669.35,25473.3,25517.05,196.04999999999927,-0.47098424981862896,25017.7375,24743.661,0.6714857397423512,109.45659757849376
NIFTY 50,2025-07-01,25551.35,25593.4,25501.8,25541.8,91.60000000000218,0.09699397069802274,25067.7025,24771.986,0.64027397214198,109.6597578493741
NIFTY 50,2025-07-02,25588.3,25608.1,25378.75,25453.4,229.34999999999854,-0.3460993352073727,25109.3625,24797.709,0.651071192144734,108.93412682126002
NIFTY 50,2025-07-03,25505.1,25587.5,25384.35,25405.3,203.15000000000146,-0.18897278948981633,25142.0825,24819.236,0.6498839581054682,108.5392981736097
NIFTY 50,2025-07-04,25428.85,25470.25,25331.65,25461.0,138.59999999999854,0.2192455904870272,25164.98,24843.522,0.6162220930657809,108.9965113892879
NIFTY 50,2025-07-07,25450.45,25489.8,25407.25,25461.3,82.54999999999927,0.0011782726522913123,25182.885000000002,24871.961,0.6121749640781493,108.99897393802584
NIFTY 50,2025-07-08,25427.85,25548.05,25424.15,25522.5,123.89999999999782,0.2403647889149374,25203.7975,24895.841,0.6130626318933831,109.50133388056638
NIFTY 50,2025-07-09,25514.6,25548.7,25424.35,25476.1,124.35000000000218,-0.18180037222059742,25220.5325,24918.644,0.6156927090405321,109.12045967576441
NIFTY 50,2025-07-10,25511.65,25524.05,25340.45,25355.25,183.59999999999854,-0.4743661706462121,25243.885000000002,24939.065,0.5770458638320444,108.12846295916275
NIFTY 50,2025-07-11,25255.5,25322.45,25129.0,25149.85,193.45000000000073,-0.8100886404196372,25265.447500000002,24955.128000000004,0.5867858824748319,106.44243792325057
NIFTY 50,2025-07-14,25149.5,25151.1,25001.95,25082.3,149.14999999999782,-0.268590071113739,25272.2375,24967.551,0.5573976591067088,105.88795403242356
NIFTY 50,2025-07-15,25089.5,25245.2,25088.45,25195.8,156.75,0.45251033597397683,25289.3575,24983.875,0.5566482449281001,106.81961830494559
NIFTY 50,2025-07-16,25196.6,25255.3,25121.05,25212.05,134.25,0.06449487613013893,25309.357500000002,24999.827999999998,0.5538774418618111,106.95300636158423
NIFTY 50,2025-07-17,25230.75,25238.35,25101.0,25111.45,137.34999999999854,-0.39901555010400935,25325.267499999998,25016.580999999995,0.5633418796778883,106.12723168479378
NIFTY 50,2025-07-18,25108.55,25144.6,24918.65,24968.4,225.9499999999971,-0.5696604536974181,25318.067499999997,25035.789,0.5009092713693595,104.95300636158427
NIFTY 50,2025-07-21,24999.0,25111.4,24882.3,25090.7,229.10000000000218,0.48981913138206323,25324.0075,25039.109,0.4972015003817822,105.956905397086
NIFTY 50,2025-07-22,25166.65,25182.0,25035.55,25060.9,146.45000000000073,-0.11876910568456855,25324.835,25048.76,0.49411897882824984,105.71229222245026
NIFTY 50,2025-07-23,25139.35,25233.5,25085.5,25219.9,148.0,0.6344544689137255,25323.5925,25059.82,0.4812957612116088,107.01744305356047
NIFTY 50,2025-07-24,25243.3,25246.25,25018.7,25062.1,227.54999999999927,-0.625696374688256,25299.247499999998,25059.82,0.40773018526094523,105.72214241740201
NIFTY 50,2025-07-25,25010.35,25010.35,24806.35,24837.0,204.0,-0.8981689483323341,25259.207499999997,25056.164,0.4309922479600324,103.87441001436488
NIFTY 50,2025-07-28,24782.45,24889.2,24646.6,24680.9,242.60000000000218,-0.6284978056931179,25217.4,25050.873000000003,0.43839470581619305,102.59306382105481
NIFTY 50,2025-07-29,24609.65,24847.15,24598.6,24821.1,248.5500000000029,0.5680505978306938,25181.364999999998,25053.617,0.4650828114168392,103.74389493125382
NIFTY 50,2025-07-30,24890.4,24902.3,24771.95,24855.05,130.34999999999854,0.13677878901419138,25151.447500000002,25054.449,0.46646046643294764,104.02257336343115
NIFTY 50,2025-07-31,24642.25,24956.5,24635.0,24768.35,321.5,-0.3488224726966971,25119.6,25057.622000000003,0.4691054493220948,103.31089677816539
NIFTY 50,2025-08-01,24734.9,24784.15,24535.05,24565.35,249.10000000000218,-0.8195943613522938,25074.817499999997,25051.865999999995,0.48609145243446417,101.64457213215678
NIFTY 50,2025-08-04,24596.05,24736.25,24554.0,24722.75,182.25,0.6407399039704442,25037.89,25046.298,0.5184439444116259,102.93658936999796
NIFTY 50,2025-08-05,24720.25,24733.1,24590.3,24649.55,142.79999999999927,-0.296083566755323,24994.2425,25042.765,0.511240959702356,102.33572747793964
NIFTY 50,2025-08-06,24641.35,24671.4,24539.2,24574.2,132.20000000000073,-0.3056850936426825,24949.1475,25039.2,0.5121078676713935,101.7172173199261
NIFTY 50,2025-08-07,24464.2,24634.2,24344.15,24596.15,290.0499999999993,0.08932132073475874,24911.192499999997,25034.451,0.5104945040888872,101.8973938025857
NIFTY 50,2025-08-08,24544.25,24585.5,24337.5,24363.3,248.0,-0.9466928767307148,24871.864999999998,25026.703,0.5205961577387538,99.98604555715164
NIFTY 50,2025-08-11,24371.5,24600.85,24347.45,24585.05,253.39999999999782,0.9101804763722576,24847.0025,25024.071999999996,0.57158170163202,101.80627949928174
NIFTY 50,2025-08-12,24563.35,24702.6,24465.65,24487.4,236.9499999999971,-0.3971926028216277,24811.5825,25022.97,0.559928741111125,101.00471988508106
NIFTY 50,2025-08-13,24586.2,24664.55,24535.25,24619.35,129.29999999999927,0.5388485506832019,24781.9475,25022.952999999998,0.5788191666231516,102.08783090498663
NIFTY 50,2025-08-14,24607.25,24673.65,24596.9,24631.3,76.75,0.04853905566151173,24757.940000000002,25020.561,0.5759984720329506,102.18592242971476
NIFTY 50,2025-08-18,24938.2,25022.0,24852.85,24876.95,169.15000000000146,0.9973083028504526,24753.3675,25018.039,0.6133807555800912,104.20233942130106
NIFTY 50,2025-08-19,24891.35,25012.65,24873.95,24980.65,138.70000000000073,0.41685174428538474,24747.864999999998,25015.588000000003,0.6104201767388636,105.0535604350503
NIFTY 50,2025-08-20,24965.8,25088.7,24929.7,25050.55,159.0,0.2798165780313777,24747.3475,25014.514000000003,0.613531571010286,105.62733429099116
NIFTY 50,2025-08-21,25142.0,25153.65,25054.9,25083.75,98.75,0.1325320202550495,24740.54,25013.361,0.5962230445572552,105.89985635132363
NIFTY 50,2025-08-22,25064.15,25084.85,24859.15,24870.1,225.6999999999971,-0.85174664872677,24730.940000000002,25012.999,0.6101814493840616,104.14611122511799
NIFTY 50,2025-08-25,24949.15,25021.55,24894.35,24967.75,127.20000000000073,0.3926401582623473,24737.4775,25017.981999999996,0.5818726165558267,104.9476708393187
NIFTY 50,2025-08-26,24899.5,24919.65,24689.6,24712.05,230.0500000000029,-1.024121116239951,24739.035,25013.292999999998,0.6113391490549358,102.84875846501129
NIFTY 50,2025-08-28,24695.8,24702.65,24481.6,24500.9,221.0500000000029,-0.8544414566982406,24723.025,25006.243,0.6253498953073859,101.11553457828855
NIFTY 50,2025-08-29,24466.7,24572.45,24404.7,24426.85,167.75,-0.30223379549323415,24701.614999999998,24998.539,0.6256716743605737,100.50769546480605
NIFTY 50,2025-09-01,24432.7,24635.6,24432.7,24625.05,202.89999999999782,0.8114022069976246,24694.45,24995.175,0.653107766979353,102.13461933100758
NIFTY 50,2025-09-02,24653.0,24756.1,24522.35,24579.6,233.75,-0.1845681531611132,24695.1625,24984.519,0.627479487929736,101.76154319720911
NIFTY 50,2025-09-03,24616.5,24737.05,24533.2,24715.05,203.84999999999854,0.5510667382707668,24694.7775,24979.381999999998,0.6230003854824983,102.87338395239072
NIFTY 50,2025-09-04,24980.75,24980.75,24708.2,24734.3,272.5499999999993,0.07788776474253467,24699.015000000003,24973.181,0.6192378037825617,103.03139749640877
NIFTY 50,2025-09-05,24818.85,24832.35,24621.6,24741.0,210.75,0.02708789009593371,24707.355000000003,24963.106,0.6145075628346774,103.08639441822285
NIFTY 50,2025-09-08,24802.6,24885.5,24751.55,24773.15,133.95000000000073,0.12994624307829383,24716.204999999998,24947.589,0.6147614894752389,103.3502975579725
NIFTY 50,2025-09-09,24864.1,24891.8,24814.0,24868.6,77.79999999999927,0.385296177514749,24741.47,24932.205,0.5732595865536071,104.13379848142826
NIFTY 50,2025-09-10,24991.0,25035.7,24915.05,24973.1,120.65000000000146,0.42020861648826013,24760.8725,24921.325999999997,0.5468672367332322,104.991586291812
NIFTY 50,2025-09-11,24945.5,25037.3,24940.15,25005.5,97.14999999999782,0.12973959980939753,24786.7775,24910.6,0.5352494152927196,105.25754155550997
NIFTY 50,2025-09-12,25074.45,25139.45,25038.05,25114.0,101.40000000000146,0.4339045410009845,24811.510000000002,24903.812,0.5312835141747533,106.14816334906627
NIFTY 50,2025-09-15,25118.9,25138.45,25048.75,25069.2,89.70000000000073,-0.17838655729871533,24833.405000000002,24897.09,0.5348706571402063,105.78042273753337
NIFTY 50,2025-09-16,25073.6,25261.4,25070.45,25239.1,190.95000000000073,0.6777240598024648,24851.5125,24892.652,0.5105434051501332,107.17504617278881
NIFTY 50,2025-09-17,25276.6,25346.5,25275.35,25330.25,71.15000000000146,0.36114599965926253,24868.9925,24890.030999999995,0.5087205222698853,107.92325056433407
NIFTY 50,2025-09-18,25441.05,25448.95,25329.75,25423.6,119.20000000000073,0.3685316962919849,24887.645,24888.053,0.5110210259987619,108.68951364662425
NIFTY 50,2025-09-19,25410.2,25431.4,25286.3,25327.05,145.10000000000218,-0.3797652574773047,24899.81,24885.072,0.5207419614645113,107.89698337779603
NIFTY 50,2025-09-22,25238.1,25331.7,25151.05,25202.35,180.65000000000146,-0.4923589600841827,24916.422499999997,24882.014,0.49349088727841667,106.87338395239072
NIFTY 50,2025-09-23,25209.0,25261.9,25084.65,25169.5,177.25,-0.13034498766979485,24926.51,24882.406999999996,0.48919480823279254,106.60373486558589
NIFTY 50,2025-09-24,25108.75,25149.85,25027.45,25056.9,122.39999999999782,-0.4473668527384289,24943.7525,24881.898999999998,0.43732808579288707,105.67945823927766
NIFTY 50,2025-09-25,25034.5,25092.7,24878.3,24890.85,214.40000000000146,-0.6626917136597243,24963.25,24875.8,0.4176489436305359,104.31643751282577
NIFTY 50,2025-09-26,24818.55,24868.6,24629.45,24654.7,239.14999999999782,-0.9487422084822228,24974.642499999998,24864.653,0.4704559559074174,102.37800123127437
NIFTY 50,2025-09-29,24728.55,24791.3,24606.2,24634.9,185.09999999999854,-0.08030923109995092,24975.135000000002,24855.122000000003,0.43518013368730085,102.21547301457008
NIFTY 50,2025-09-30,24691.95,24731.8,24587.7,24611.1,144.09999999999854,-0.0966109056663611,24976.71,24847.975999999995,0.4336275667856108,102.0201108146932
NIFTY 50,2025-10-01,24620.55,24867.95,24605.95,24836.3,262.0,0.9150342731531813,24982.7725,24842.888,0.4642085201185017,103.86866406730965
NIFTY 50,2025-10-03,24759.55,24904.8,24747.55,24894.25,157.25,0.2333278306350106,24990.769999999997,24839.555,0.4664277676698244,104.34434639852248
NIFTY 50,2025-10-06,24916.55,25095.95,24881.65,25077.65,214.29999999999927,0.7367163099912588,25007.6025,24836.71,0.49221114240064306,105.84978452698546
NIFTY 50,2025-10-07,25085.3,25220.9,25076.3,25108.3,144.60000000000218,0.1222203834888802,25024.36,24837.634,0.49216361644203654,106.10137492304537
NIFTY 50,2025-10-08,25079.75,25192.5,25008.5,25046.15,184.0,-0.24752770996043783,25033.2375,24841.817000000003,0.49105650283302776,105.59121690950133
NIFTY 50,2025-10-09,25074.3,25199.25,25024.3,25181.8,174.95000000000073,0.5416002060196767,25043.6725,24851.835,0.49676301689557584,106.70469936384154
NIFTY 50,2025-10-10,25167.65,25330.75,25156.85,25285.35,173.90000000000146,0.4112096831838885,25057.665,24861.12,0.5032999954725695,107.55468910322183
NIFTY 50,2025-10-13,25177.3,25267.3,25152.3,25227.35,115.0,-0.2293818357270161,25063.3325,24868.566000000003,0.49898257120929246,107.07859634721935
NIFTY 50,2025-10-14,25277.55,25310.35,25060.55,25145.5,249.79999999999927,-0.3244494566412959,25067.1475,24876.109,0.5031475259138581,106.4067309665504
NIFTY 50,2025-10-15,25181.95,25365.15,25159.35,25323.55,205.8000000000029,0.7080789803344478,25071.370000000003,24891.273,0.5052886392391053,107.86825364251999
NIFTY 50,2025-10-16,25394.9,25625.4,25376.85,25585.3,248.5500000000029,1.0336228530360092,25084.1225,24908.523999999998,0.5497491363422706,110.01682741637593
NIFTY 50,2025-10-17,25546.85,25781.5,25508.6,25709.85,272.90000000000146,0.486802968892297,25098.434999999998,24929.73,0.5539584317860641,111.03919556741224
NIFTY 50,2025-10-20,25824.6,25926.2,25788.5,25843.15,137.70000000000073,0.5184783264001958,25124.239999999998,24955.109,0.5530571026201189,112.13338805663864
NIFTY 50,2025-10-21,25901.2,25934.35,25825.8,25868.6,108.54999999999927,0.09847870712353934,25157.552499999998,24980.557999999997,0.5351062168844827,112.34229427457416
NIFTY 50,2025-10-23,26057.2,26104.2,25862.45,25891.4,241.75,0.0881377422821572,25193.6475,25011.119999999995,0.5316898278893635,112.52944797865791
NIFTY 50,2025-10-24,25935.1,25944.15,25718.2,25795.15,225.95000000000073,-0.3717450582046533,25230.559999999998,25035.322,0.5275243275458282,111.73938025856765
NIFTY 50,2025-10-27,25843.2,26005.95,25827.0,25966.05,178.95000000000073,0.6625276457008278,25284.32,25064.895,0.5031867497558371,113.14221218961626
NIFTY 50,2025-10-28,25939.95,26041.7,25810.05,25936.2,231.65000000000146,-0.11495780066663741,25348.395,25091.232000000004,0.4312835020916745,112.89718859019086
NIFTY 50,2025-10-29,25982.0,26097.85,25960.3,26053.9,137.54999999999927,0.4538058774994136,25419.344999999998,25119.683999999997,0.4259601176733753,113.86332854504415
NIFTY 50,2025-10-30,25984.4,26032.05,25845.25,25877.85,186.79999999999927,-0.6757145763206407,25482.682500000003,25139.702,0.4703668259698218,112.41822286066076
NIFTY 50,2025-10-31,25863.8,25953.75,25711.2,25722.1,242.54999999999927,-0.6018660746545779,25526.9725,25154.530999999995,0.4800782804857894,111.13974964087832
NIFTY 50,2025-11-03,25696.85,25803.1,25645.5,25763.35,157.59999999999854,0.16036793263380922,25570.427499999998,25168.786999999997,0.47990064780342206,111.47835009234556
NIFTY 50,2025-11-04,25744.75,25787.4,25578.4,25597.65,209.0,-0.643161700632866,25596.427499999998,25179.064999999995,0.49356024689377054,110.11820233942133
NIFTY 50,2025-11-06,25593.35,25679.15,25491.55,25509.7,187.60000000000218,-0.34358622764198987,25616.4975,25191.857000000004,0.5035361021681519,109.39626513441412
NIFTY 50,2025-11-07,25433.8,25551.25,25318.45,25492.3,232.79999999999927,-0.06820934781671673,25638.805,25202.347999999998,0.4989628788980472,109.25343730761337
NIFTY 50,2025-11-10,25503.5,25653.45,25503.5,25574.35,149.95000000000073,0.32186189555276634,25658.4325,25219.593999999997,0.4908370507496077,109.92694438744097
NIFTY 50,2025-11-11,25617.0,25715.8,25449.25,25694.95,266.5499999999993,0.4715662372650753,25678.9125,25243.475,0.4931702263697163,110.9168889800944
NIFTY 50,2025-11-12,25834.3,25934.55,25781.15,25875.8,153.39999999999782,0.7038348002233796,25711.335,25272.453999999998,0.5061811447180272,112.40139544428484
NIFTY 50,2025-11-13,25906.1,26010.7,25808.4,25879.15,202.29999999999927,0.012946459626372864,25748.017499999998,25297.535999999996,0.4958178773414721,112.42889390519188
NIFTY 50,2025-11-14,25767.9,25940.2,25740.8,25910.05,199.40000000000146,0.1194011395273753,25777.3425,25324.145,0.4777808904782393,112.68253642520007
NIFTY 50,2025-11-17,25948.2,26024.2,25906.35,26013.45,117.85000000000218,0.3990729465979559,25798.75,25350.112999999998,0.43253918794402774,113.53129489021137
NIFTY 50,2025-11-18,26021.8,26029.85,25876.5,25910.05,153.34999999999854,-0.39748668477268545,25808.760000000002,25373.627999999997,0.43437919803241754,112.68253642520007
NIFTY 50,2025-11-19,25918.1,26074.65,25856.2,26052.65,218.45000000000073,0.5503655917298511,25819.235,25399.861,0.43628341083845745,113.8530679253027
NIFTY 50,2025-11-20,26132.1,26246.65,26063.2,26192.15,183.45000000000073,0.5354541668505908,25835.4125,25428.241,0.4500238817099072,114.99815308844657
NIFTY 50,2025-11-21,26109.55,26179.2,26052.2,26068.15,127.0,-0.4734242893385976,25844.25,25452.231999999996,0.465629554073478,113.98029961009648
NIFTY 50,2025-11-24,26122.8,26142.8,25912.15,25959.5,230.64999999999782,-0.41679213906625767,25852.4675,25471.96,0.4678047628431857,113.08844654217114
NIFTY 50,2025-11-25,25998.5,26032.6,25857.5,25884.8,175.09999999999854,-0.28775592750245327,25848.405,25489.546000000002,0.4483321392257955,112.47527190642313
NIFTY 50,2025-11-26,25842.95,26215.15,25842.95,26205.3,372.2000000000007,1.238178390406719,25861.86,25511.371999999996,0.527515216572135,115.10609480812639
NIFTY 50,2025-11-27,26261.25,26310.45,26141.9,26215.55,168.54999999999927,0.039114224985015156,25869.942499999997,25534.299,0.5190109742919911,115.19023189000617
NIFTY 50,2025-11-28,26237.45,26280.75,26172.4,26202.95,108.34999999999854,-0.04806307706685109,25886.197500000002,25553.576,0.4922380019594287,115.08680484301253
NIFTY 50,2025-12-01,26325.8,26325.8,26124.2,26175.75,201.59999999999854,-0.10380510591364578,25908.879999999997,25570.486,0.46884246856956197,114.86353375743894
NIFTY 50,2025-12-02,26087.95,26154.6,25997.85,26032.2,156.75,-0.5484083550614582,25922.322500000002,25582.658,0.48945794142804355,113.68520418633285
NIFTY 50,2025-12-03,26004.9,26066.45,25891.0,25986.0,175.45000000000073,-0.1774725148085854,25941.739999999998,25595.836999999996,0.46506333651592957,113.3059716806895
NIFTY 50,2025-12-04,25981.85,26098.25,25938.95,26033.75,159.29999999999927,0.18375278996383138,25967.942499999997,25612.465,0.45483888376151227,113.69792735481221
NIFTY 50,2025-12-05,25999.8,26202.6,25985.35,26186.45,217.25,0.586546310078262,26002.65,25632.804,0.4653319811529123,114.95136466242562
NIFTY 50,2025-12-08,26159.8,26178.7,25892.25,25960.55,286.4500000000007,-0.8626598870790092,26021.96,25650.876999999997,0.5132686358515803,113.09706546275393
NIFTY 50,2025-12-09,25867.1,25923.65,25728.0,25839.65,195.65000000000146,-0.4657066202372384,26029.195,25669.853000000003,0.5180381859065782,112.1046583213626
NIFTY 50,2025-12-10,25864.05,25947.65,25734.55,25758.0,213.10000000000218,-0.315987252149319,26023.305,25691.919000000005,0.49795599598791984,111.43443463985223
NIFTY 50,2025-12-11,25771.4,25922.8,25693.25,25898.55,229.54999999999927,0.5456557186116928,26024.275,25717.191999999995,0.5138952800580321,112.5881387235789
NIFTY 50,2025-12-12,25971.2,26057.6,25938.45,26046.95,119.14999999999782,0.5730050524064056,26031.120000000003,25745.909000000003,0.528997763653288,113.80627949928174
NIFTY 50,2025-12-15,25930.05,26047.15,25904.75,26027.3,142.40000000000146,-0.0754406945918884,26031.8125,25769.729,0.5220594970900058,113.64498255694642
NIFTY 50,2025-12-16,25951.5,25980.75,25834.35,25860.1,146.40000000000146,-0.6424024005563411,26029.315,25789.046000000002,0.5346911940534236,112.27252206033245
NIFTY 50,2025-12-17,25902.4,25929.15,25770.35,25818.55,158.8000000000029,-0.16067223251263751,26017.609999999997,25803.863999999998,0.5189990898546217,111.93145906012725
NIFTY 50,2025-12-18,25764.7,25902.35,25726.3,25815.55,176.04999999999927,-0.011619552608488348,25998.780000000002,25818.009000000005,0.5009637241871717,111.90683357274777
NIFTY 50,2025-12-19,25911.5,25993.35,25880.45,25966.4,112.89999999999782,0.5843377344275202,25993.692499999997,25836.414,0.5119789384304126,113.14508516314388
NIFTY 50,2025-12-22,26055.85,26180.7,26047.8,26172.4,132.90000000000146,0.7933329225460639,26004.3375,25856.225999999995,0.5334634491466289,114.8360352965319
NIFTY 50,2025-12-23,26205.2,26233.55,26119.05,26177.15,114.5,0.018148889670044355,26018.955,25874.062,0.5278612551859689,114.87502565154935
NIFTY 50,2025-12-24,26170.65,26236.4,26123.0,26142.1,113.40000000000146,-0.13389540114184806,26015.795000000002,25892.356999999996,0.44971284836059017,114.58731787399957
NIFTY 50,2025-12-26,26121.25,26144.2,26008.6,26042.3,135.60000000000218,-0.3817596903079701,26007.1325,25910.292999999998,0.4570265217895112,113.76810999384364
NIFTY 50,2025-12-29,26063.35,26106.8,25920.3,25942.1,186.5,-0.3847586426698135,25994.090000000004,25922.664,0.46379437409697666,112.94561871537039
NIFTY 50,2025-12-30,25940.9,25976.75,25878.0,25938.85,98.75,-0.012527898666647719,25982.245000000003,25929.735,0.46367567507866747,112.91894110404269
NIFTY 50,2025-12-31,25971.05,26187.95,25969.0,26129.6,218.95000000000073,0.735383411369428,25987.114999999998,25938.13,0.4788477093150133,114.48471167658525
